id,title,description,availability,condition,price,link,image_link,brand,additional_image_link
19785,KIA PICANTO EX 2012,80.000 km · Motor 1.0 · AUTOMATICO · Flex · Cor VERMELHA. Seminovo vistoriado na Netcar Multimarcas (Esteio/RS). Financiamento e avaliação na troca.,in stock,used,49900.00 BRL,https://www.netcarmultimarcas.com.br/veiculo/picanto-ex-2012-isv-xx76-19785,https://www.netcarmultimarcas.com.br/imagens/veiculos_automacar/18062026picanto%20ex%20ISV8276CAPA.png,KIA,"https://www.netcarmultimarcas.com.br/imagens/veiculos_automacar/small/18062026picanto%20ex%20ISV8276CAPA.jpg,https://www.netcarmultimarcas.com.br/imagens/veiculos_automacar/big/18062026picanto%20ex%20ISV8276CAPA.jpg,https://www.netcarmultimarcas.com.br/imagens/veiculos_automacar/big/18062026picanto%20ex%20ISV82765.jpg,https://www.netcarmultimarcas.com.br/imagens/veiculos_automacar/big/18062026picanto%20ex%20ISV82766.jpg,https://www.netcarmultimarcas.com.br/imagens/veiculos_automacar/big/18062026picanto%20ex%20ISV82768.jpg,https://www.netcarmultimarcas.com.br/imagens/veiculos_automacar/big/18062026picanto%20ex%20ISV82769.jpg,https://www.netcarmultimarcas.com.br/imagens/veiculos_automacar/big/18062026picanto%20ex%20ISV82767.jpg,https://www.netcarmultimarcas.com.br/imagens/veiculos_automacar/big/18062026picanto%20ex%20ISV827610.jpg,https://www.netcarmultimarcas.com.br/imagens/veiculos_automacar/big/18062026picanto%20ex%20ISV82761.jpg"
19704,FIAT MOBI LIKE 2020,77.000 km · Motor 1.0 · MANUAL · Flex · Cor PRETA. Seminovo vistoriado na Netcar Multimarcas (Esteio/RS). Financiamento e avaliação na troca.,in stock,used,51900.00 BRL,https://www.netcarmultimarcas.com.br/veiculo/mobi-like-2020-jaf-xx60-19704,https://www.netcarmultimarcas.com.br/imagens/veiculos_automacar/23032026mobi%20like%20JAF4F60CAPA.png,FIAT,"https://www.netcarmultimarcas.com.br/imagens/veiculos_automacar/small/23032026mobi%20like%20JAF4F60CAPA.jpg,https://www.netcarmultimarcas.com.br/imagens/veiculos_automacar/big/23032026mobi%20like%20JAF4F60CAPA.jpg,https://www.netcarmultimarcas.com.br/imagens/veiculos_automacar/big/23032026mobi%20like%20JAF4F604.jpg,https://www.netcarmultimarcas.com.br/imagens/veiculos_automacar/big/23032026mobi%20like%20JAF4F605.jpg,https://www.netcarmultimarcas.com.br/imagens/veiculos_automacar/big/23032026mobi%20like%20JAF4F607.jpg,https://www.netcarmultimarcas.com.br/imagens/veiculos_automacar/big/23032026mobi%20like%20JAF4F608.jpg,https://www.netcarmultimarcas.com.br/imagens/veiculos_automacar/big/23032026mobi%20like%20JAF4F606.jpg,https://www.netcarmultimarcas.com.br/imagens/veiculos_automacar/big/23032026mobi%20like%20JAF4F609.jpg,https://www.netcarmultimarcas.com.br/imagens/veiculos_automacar/big/23032026mobi%20like%20JAF4F6010.jpg"
19786,VOLKSWAGEN FOX COMFORTLINE 2017,127.000 km · Motor 1.6 · MANUAL · Flex · Cor PRETA. Seminovo vistoriado na Netcar Multimarcas (Esteio/RS). Financiamento e avaliação na troca.,in stock,used,56900.00 BRL,https://www.netcarmultimarcas.com.br/veiculo/fox-comfortline-2017-ixk-xx89-19786,https://www.netcarmultimarcas.com.br/imagens/veiculos_automacar/15052026fox%20comfortline%20IXK1A89CAPA.png,VOLKSWAGEN,"https://www.netcarmultimarcas.com.br/imagens/veiculos_automacar/small/15052026fox%20comfortline%20IXK1A89CAPA.jpg,https://www.netcarmultimarcas.com.br/imagens/veiculos_automacar/big/15052026fox%20comfortline%20IXK1A89CAPA.jpg,https://www.netcarmultimarcas.com.br/imagens/veiculos_automacar/big/15052026fox%20comfortline%20IXK1A895.jpg,https://www.netcarmultimarcas.com.br/imagens/veiculos_automacar/big/15052026fox%20comfortline%20IXK1A896.jpg,https://www.netcarmultimarcas.com.br/imagens/veiculos_automacar/big/15052026fox%20comfortline%20IXK1A897.jpg,https://www.netcarmultimarcas.com.br/imagens/veiculos_automacar/big/15052026fox%20comfortline%20IXK1A899.jpg,https://www.netcarmultimarcas.com.br/imagens/veiculos_automacar/big/15052026fox%20comfortline%20IXK1A898.jpg,https://www.netcarmultimarcas.com.br/imagens/veiculos_automacar/big/15052026fox%20comfortline%20IXK1A8910.jpg,https://www.netcarmultimarcas.com.br/imagens/veiculos_automacar/big/15052026fox%20comfortline%20IXK1A892.jpg"
19840,VOLKSWAGEN FOX COMFORTLINE 2017,110.000 km · Motor 1.0 · MANUAL · Flex · Cor VERMELHA. Seminovo vistoriado na Netcar Multimarcas (Esteio/RS). Financiamento e avaliação na troca.,in stock,used,56900.00 BRL,https://www.netcarmultimarcas.com.br/veiculo/fox-comfortline-2017-ixn-xx61-19840,https://www.netcarmultimarcas.com.br/imagens/veiculos_automacar/23062026FOX%20COMFORTLINE%20IXN6161CAPA.png,VOLKSWAGEN,"https://www.netcarmultimarcas.com.br/imagens/veiculos_automacar/small/23062026FOX%20COMFORTLINE%20IXN6161CAPA.jpg,https://www.netcarmultimarcas.com.br/imagens/veiculos_automacar/big/23062026FOX%20COMFORTLINE%20IXN6161CAPA.jpg,https://www.netcarmultimarcas.com.br/imagens/veiculos_automacar/big/23062026FOX%20COMFORTLINE%20IXN61615.jpg,https://www.netcarmultimarcas.com.br/imagens/veiculos_automacar/big/23062026FOX%20COMFORTLINE%20IXN61616.jpg,https://www.netcarmultimarcas.com.br/imagens/veiculos_automacar/big/23062026FOX%20COMFORTLINE%20IXN61618.jpg,https://www.netcarmultimarcas.com.br/imagens/veiculos_automacar/big/23062026FOX%20COMFORTLINE%20IXN61619.jpg,https://www.netcarmultimarcas.com.br/imagens/veiculos_automacar/big/23062026FOX%20COMFORTLINE%20IXN61617.jpg,https://www.netcarmultimarcas.com.br/imagens/veiculos_automacar/big/23062026FOX%20COMFORTLINE%20IXN616110.jpg,https://www.netcarmultimarcas.com.br/imagens/veiculos_automacar/big/23062026FOX%20COMFORTLINE%20IXN61611.jpg"
19720,FORD KA SE PLUS 2021,106.000 km · Motor 1.0 · MANUAL · Flex · Cor PRETA. Seminovo vistoriado na Netcar Multimarcas (Esteio/RS). Financiamento e avaliação na troca.,in stock,used,57900.00 BRL,https://www.netcarmultimarcas.com.br/veiculo/ka-se-plus-2021-jaf-xx81-19720,https://www.netcarmultimarcas.com.br/imagens/veiculos_automacar/17032026KA%20SE%20PLUS%20JAF1G81CAPA.png,FORD,"https://www.netcarmultimarcas.com.br/imagens/veiculos_automacar/small/17032026KA%20SE%20PLUS%20JAF1G81CAPA.jpg,https://www.netcarmultimarcas.com.br/imagens/veiculos_automacar/big/17032026KA%20SE%20PLUS%20JAF1G81CAPA.jpg,https://www.netcarmultimarcas.com.br/imagens/veiculos_automacar/big/17032026KA%20SE%20PLUS%20JAF1G812.jpg,https://www.netcarmultimarcas.com.br/imagens/veiculos_automacar/big/17032026KA%20SE%20PLUS%20JAF1G813.jpg,https://www.netcarmultimarcas.com.br/imagens/veiculos_automacar/big/17032026KA%20SE%20PLUS%20JAF1G814.jpg,https://www.netcarmultimarcas.com.br/imagens/veiculos_automacar/big/17032026KA%20SE%20PLUS%20JAF1G816.jpg,https://www.netcarmultimarcas.com.br/imagens/veiculos_automacar/big/17032026KA%20SE%20PLUS%20JAF1G815.jpg,https://www.netcarmultimarcas.com.br/imagens/veiculos_automacar/big/17032026KA%20SE%20PLUS%20JAF1G817.jpg,https://www.netcarmultimarcas.com.br/imagens/veiculos_automacar/big/17032026KA%20SE%20PLUS%20JAF1G818.jpg"
19811,JEEP RENEGADE LONGITUDE 2016,138.000 km · Motor 1.8 · MANUAL · Flex · Cor VERMELHA. Seminovo vistoriado na Netcar Multimarcas (Esteio/RS). Financiamento e avaliação na troca.,in stock,used,69900.00 BRL,https://www.netcarmultimarcas.com.br/veiculo/renegade-longitude-2016-iwx-xx66-19811,https://www.netcarmultimarcas.com.br/imagens/veiculos_automacar/21052026RENEGADE%20IWX1G66CAPA.png,JEEP,"https://www.netcarmultimarcas.com.br/imagens/veiculos_automacar/small/21052026RENEGADE%20IWX1G66CAPA.jpg,https://www.netcarmultimarcas.com.br/imagens/veiculos_automacar/big/21052026RENEGADE%20IWX1G66CAPA.jpg,https://www.netcarmultimarcas.com.br/imagens/veiculos_automacar/big/21052026RENEGADE%20IWX1G661.jpg,https://www.netcarmultimarcas.com.br/imagens/veiculos_automacar/big/21052026RENEGADE%20IWX1G662.jpg,https://www.netcarmultimarcas.com.br/imagens/veiculos_automacar/big/21052026RENEGADE%20IWX1G663.jpg,https://www.netcarmultimarcas.com.br/imagens/veiculos_automacar/big/21052026RENEGADE%20IWX1G665.jpg,https://www.netcarmultimarcas.com.br/imagens/veiculos_automacar/big/21052026RENEGADE%20IWX1G664.jpg,https://www.netcarmultimarcas.com.br/imagens/veiculos_automacar/big/21052026RENEGADE%20IWX1G6612.jpg,https://www.netcarmultimarcas.com.br/imagens/veiculos_automacar/big/21052026RENEGADE%20IWX1G668.jpg"
19864,CHEVROLET TRACKER LTZ 2014,142.000 km · Motor 1.8 · AUTOMATICO · Flex · Cor PRATA. Seminovo vistoriado na Netcar Multimarcas (Esteio/RS). Financiamento e avaliação na troca.,in stock,used,69900.00 BRL,https://www.netcarmultimarcas.com.br/veiculo/tracker-ltz-2014-jbt-xx78-19864,https://www.netcarmultimarcas.com.br/imagens/veiculos_automacar/25062026TRACKER%20LTZ%20JBT5G78CAPA.png,CHEVROLET,"https://www.netcarmultimarcas.com.br/imagens/veiculos_automacar/small/25062026TRACKER%20LTZ%20JBT5G78CAPA.jpg,https://www.netcarmultimarcas.com.br/imagens/veiculos_automacar/big/25062026TRACKER%20LTZ%20JBT5G78CAPA.jpg,https://www.netcarmultimarcas.com.br/imagens/veiculos_automacar/big/25062026TRACKER%20LTZ%20JBT5G786.jpg,https://www.netcarmultimarcas.com.br/imagens/veiculos_automacar/big/25062026TRACKER%20LTZ%20JBT5G787.jpg,https://www.netcarmultimarcas.com.br/imagens/veiculos_automacar/big/25062026TRACKER%20LTZ%20JBT5G789.jpg,https://www.netcarmultimarcas.com.br/imagens/veiculos_automacar/big/25062026TRACKER%20LTZ%20JBT5G7810.jpg,https://www.netcarmultimarcas.com.br/imagens/veiculos_automacar/big/25062026TRACKER%20LTZ%20JBT5G788.jpg,https://www.netcarmultimarcas.com.br/imagens/veiculos_automacar/big/25062026TRACKER%20LTZ%20JBT5G7811.jpg,https://www.netcarmultimarcas.com.br/imagens/veiculos_automacar/big/25062026TRACKER%20LTZ%20JBT5G785.jpg"
19759,FORD ECOSPORT SE 2019,112.700 km · Motor 1.5 · MANUAL · Flex · Cor PRETA. Seminovo vistoriado na Netcar Multimarcas (Esteio/RS). Financiamento e avaliação na troca.,in stock,used,72900.00 BRL,https://www.netcarmultimarcas.com.br/veiculo/ecosport-se-2019-iyp-xx15-19759,https://www.netcarmultimarcas.com.br/imagens/veiculos_automacar/08052026ECOSPORT%20SE%20IYP2F15CAPA.png,FORD,"https://www.netcarmultimarcas.com.br/imagens/veiculos_automacar/small/08052026ECOSPORT%20SE%20IYP2F15CAPA.jpg,https://www.netcarmultimarcas.com.br/imagens/veiculos_automacar/big/08052026ECOSPORT%20SE%20IYP2F15CAPA.jpg,https://www.netcarmultimarcas.com.br/imagens/veiculos_automacar/big/08052026ECOSPORT%20SE%20IYP2F155.jpg,https://www.netcarmultimarcas.com.br/imagens/veiculos_automacar/big/08052026ECOSPORT%20SE%20IYP2F156.jpg,https://www.netcarmultimarcas.com.br/imagens/veiculos_automacar/big/08052026ECOSPORT%20SE%20IYP2F158.jpg,https://www.netcarmultimarcas.com.br/imagens/veiculos_automacar/big/08052026ECOSPORT%20SE%20IYP2F159.jpg,https://www.netcarmultimarcas.com.br/imagens/veiculos_automacar/big/08052026ECOSPORT%20SE%20IYP2F157.jpg,https://www.netcarmultimarcas.com.br/imagens/veiculos_automacar/big/08052026ECOSPORT%20SE%20IYP2F1510.jpg,https://www.netcarmultimarcas.com.br/imagens/veiculos_automacar/big/08052026ECOSPORT%20SE%20IYP2F153.jpg"
19916,CHEVROLET ONIX SEDAN PLUS PREMIER 2 TURBO 2020,40.316 km · Motor 1.0 · AUTOMATICO · Flex · Cor BRANCA. Seminovo vistoriado na Netcar Multimarcas (Esteio/RS). Financiamento e avaliação na troca.,in stock,used,73900.00 BRL,https://www.netcarmultimarcas.com.br/veiculo/onix-sedan-plus-premier-2-turbo-2020-jac-xx87-19916,https://www.netcarmultimarcas.com.br/imagens/banner/271_172032271_143360A38D92F5-9A8B-4A5F-AD68-C6CA164ED9F7-4.png,CHEVROLET,
19913,JEEP RENEGADE SPORT 2020,130.889 km · Motor 1.8 · AUTOMATICO · Flex · Cor BRANCA. Seminovo vistoriado na Netcar Multimarcas (Esteio/RS). Financiamento e avaliação na troca.,in stock,used,75900.00 BRL,https://www.netcarmultimarcas.com.br/veiculo/renegade-sport-2020-izt-xx30-19913,https://www.netcarmultimarcas.com.br/imagens/banner/271_172032271_143360A38D92F5-9A8B-4A5F-AD68-C6CA164ED9F7-4.png,JEEP,
19299,NISSAN KICKS S 2020,141.000 km · Motor 1.6 · MANUAL · Flex · Cor PRATA. Seminovo vistoriado na Netcar Multimarcas (Esteio/RS). Financiamento e avaliação na troca.,in stock,used,79900.00 BRL,https://www.netcarmultimarcas.com.br/veiculo/kicks-s-2020-izn-xx88-19299,https://www.netcarmultimarcas.com.br/imagens/veiculos_automacar/20012026KICKS%20S%20IZN2I88CAPA.png,NISSAN,"https://www.netcarmultimarcas.com.br/imagens/veiculos_automacar/small/20012026KICKS%20S%20IZN2I88CAPA.jpg,https://www.netcarmultimarcas.com.br/imagens/veiculos_automacar/big/20012026KICKS%20S%20IZN2I88CAPA.jpg,https://www.netcarmultimarcas.com.br/imagens/veiculos_automacar/big/20012026KICKS%20S%20IZN2I887.jpg,https://www.netcarmultimarcas.com.br/imagens/veiculos_automacar/big/20012026KICKS%20S%20IZN2I888.jpg,https://www.netcarmultimarcas.com.br/imagens/veiculos_automacar/big/20012026KICKS%20S%20IZN2I889.jpg,https://www.netcarmultimarcas.com.br/imagens/veiculos_automacar/big/20012026KICKS%20S%20IZN2I8811.jpg,https://www.netcarmultimarcas.com.br/imagens/veiculos_automacar/big/20012026KICKS%20S%20IZN2I8810.jpg,https://www.netcarmultimarcas.com.br/imagens/veiculos_automacar/big/20012026KICKS%20S%20IZN2I883.jpg,https://www.netcarmultimarcas.com.br/imagens/veiculos_automacar/big/20012026KICKS%20S%20IZN2I884.jpg"
19847,CHEVROLET ONIX PREMIER 2 TURBO 2022,80.000 km · Motor 1.0 · AUTOMATICO · Flex · Cor BRANCA. Seminovo vistoriado na Netcar Multimarcas (Esteio/RS). Financiamento e avaliação na troca.,in stock,used,79900.00 BRL,https://www.netcarmultimarcas.com.br/veiculo/onix-premier-2-turbo-2022-jbd-xx28-19847,https://www.netcarmultimarcas.com.br/imagens/veiculos_automacar/11062026ONIX%20PREMIERE%20JBD6H28CAPA.png,CHEVROLET,"https://www.netcarmultimarcas.com.br/imagens/veiculos_automacar/small/11062026ONIX%20PREMIERE%20JBD6H28CAPA.jpg,https://www.netcarmultimarcas.com.br/imagens/veiculos_automacar/big/11062026ONIX%20PREMIERE%20JBD6H28CAPA.jpg,https://www.netcarmultimarcas.com.br/imagens/veiculos_automacar/big/11062026ONIX%20PREMIERE%20JBD6H2811.jpg,https://www.netcarmultimarcas.com.br/imagens/veiculos_automacar/big/11062026ONIX%20PREMIERE%20JBD6H282.jpg,https://www.netcarmultimarcas.com.br/imagens/veiculos_automacar/big/11062026ONIX%20PREMIERE%20JBD6H284.jpg,https://www.netcarmultimarcas.com.br/imagens/veiculos_automacar/big/11062026ONIX%20PREMIERE%20JBD6H281.jpg,https://www.netcarmultimarcas.com.br/imagens/veiculos_automacar/big/11062026ONIX%20PREMIERE%20JBD6H283.jpg,https://www.netcarmultimarcas.com.br/imagens/veiculos_automacar/big/11062026ONIX%20PREMIERE%20JBD6H285.jpg,https://www.netcarmultimarcas.com.br/imagens/veiculos_automacar/big/11062026ONIX%20PREMIERE%20JBD6H2810.jpg"
19536,HONDA FIT EX 2018,86.400 km · Motor 1.5 · AUTOMATICO · Flex · Cor PRATA. Seminovo vistoriado na Netcar Multimarcas (Esteio/RS). Financiamento e avaliação na troca.,in stock,used,82900.00 BRL,https://www.netcarmultimarcas.com.br/veiculo/fit-ex-2018-iyp-xx15-19536,https://www.netcarmultimarcas.com.br/imagens/veiculos_automacar/20012026FIT%20EX%20IYP0215CAPA.png,HONDA,"https://www.netcarmultimarcas.com.br/imagens/veiculos_automacar/small/20012026FIT%20EX%20IYP0215CAPA.jpg,https://www.netcarmultimarcas.com.br/imagens/veiculos_automacar/big/20012026FIT%20EX%20IYP0215CAPA.jpg,https://www.netcarmultimarcas.com.br/imagens/veiculos_automacar/big/20012026FIT%20EX%20IYP021512.jpg,https://www.netcarmultimarcas.com.br/imagens/veiculos_automacar/big/20012026FIT%20EX%20IYP02153.jpg,https://www.netcarmultimarcas.com.br/imagens/veiculos_automacar/big/20012026FIT%20EX%20IYP02154.jpg,https://www.netcarmultimarcas.com.br/imagens/veiculos_automacar/big/20012026FIT%20EX%20IYP02155.jpg,https://www.netcarmultimarcas.com.br/imagens/veiculos_automacar/big/20012026FIT%20EX%20IYP02152.jpg,https://www.netcarmultimarcas.com.br/imagens/veiculos_automacar/big/20012026FIT%20EX%20IYP02156.jpg,https://www.netcarmultimarcas.com.br/imagens/veiculos_automacar/big/20012026FIT%20EX%20IYP02157.jpg"
19867,HYUNDAI CRETA PRESTIGE 2017,119.000 km · Motor 2.0 · AUTOMATICO · Flex · Cor PRETA. Seminovo vistoriado na Netcar Multimarcas (Esteio/RS). Financiamento e avaliação na troca.,in stock,used,87900.00 BRL,https://www.netcarmultimarcas.com.br/veiculo/creta-prestige-2017-ixw-xx16-19867,https://www.netcarmultimarcas.com.br/imagens/veiculos_automacar/18062026CRETA%20PRESTIGE%20IXW4D16CAPA.png,HYUNDAI,"https://www.netcarmultimarcas.com.br/imagens/veiculos_automacar/small/18062026CRETA%20PRESTIGE%20IXW4D16CAPA.jpg,https://www.netcarmultimarcas.com.br/imagens/veiculos_automacar/big/18062026CRETA%20PRESTIGE%20IXW4D16CAPA.jpg,https://www.netcarmultimarcas.com.br/imagens/veiculos_automacar/big/18062026CRETA%20PRESTIGE%20IXW4D166.jpg,https://www.netcarmultimarcas.com.br/imagens/veiculos_automacar/big/18062026CRETA%20PRESTIGE%20IXW4D167.jpg,https://www.netcarmultimarcas.com.br/imagens/veiculos_automacar/big/18062026CRETA%20PRESTIGE%20IXW4D169.jpg,https://www.netcarmultimarcas.com.br/imagens/veiculos_automacar/big/18062026CRETA%20PRESTIGE%20IXW4D1610.jpg,https://www.netcarmultimarcas.com.br/imagens/veiculos_automacar/big/18062026CRETA%20PRESTIGE%20IXW4D168.jpg,https://www.netcarmultimarcas.com.br/imagens/veiculos_automacar/big/18062026CRETA%20PRESTIGE%20IXW4D1611.jpg,https://www.netcarmultimarcas.com.br/imagens/veiculos_automacar/big/18062026CRETA%20PRESTIGE%20IXW4D161.jpg"
19915,FIAT CRONOS DRIVE 2025,39.102 km · Motor 1.3 · MANUAL · Flex · Cor BRANCA. Seminovo vistoriado na Netcar Multimarcas (Esteio/RS). Financiamento e avaliação na troca.,in stock,used,88900.00 BRL,https://www.netcarmultimarcas.com.br/veiculo/cronos-drive-2025-jcw-xx18-19915,https://www.netcarmultimarcas.com.br/imagens/veiculos_automacar/27052026CRONOS%20DRIVE%20JCW2F18CAPA.png,FIAT,"https://www.netcarmultimarcas.com.br/imagens/veiculos_automacar/small/27052026CRONOS%20DRIVE%20JCW2F18CAPA.jpg,https://www.netcarmultimarcas.com.br/imagens/veiculos_automacar/big/27052026CRONOS%20DRIVE%20JCW2F18CAPA.jpg,https://www.netcarmultimarcas.com.br/imagens/veiculos_automacar/big/27052026CRONOS%20DRIVE%20JCW2F181.jpg,https://www.netcarmultimarcas.com.br/imagens/veiculos_automacar/big/27052026CRONOS%20DRIVE%20JCW2F182.jpg,https://www.netcarmultimarcas.com.br/imagens/veiculos_automacar/big/27052026CRONOS%20DRIVE%20JCW2F184.jpg,https://www.netcarmultimarcas.com.br/imagens/veiculos_automacar/big/27052026CRONOS%20DRIVE%20JCW2F185.jpg,https://www.netcarmultimarcas.com.br/imagens/veiculos_automacar/big/27052026CRONOS%20DRIVE%20JCW2F183.jpg,https://www.netcarmultimarcas.com.br/imagens/veiculos_automacar/big/27052026CRONOS%20DRIVE%20JCW2F186.jpg,https://www.netcarmultimarcas.com.br/imagens/veiculos_automacar/big/27052026CRONOS%20DRIVE%20JCW2F1811.jpg"
19687,FIAT ARGO DRIVE 2024,32.500 km · Motor 1.3 · AUTOMATICO · Flex · Cor BRANCA. Seminovo vistoriado na Netcar Multimarcas (Esteio/RS). Financiamento e avaliação na troca.,in stock,used,89900.00 BRL,https://www.netcarmultimarcas.com.br/veiculo/argo-drive-2024-jcl-xx85-19687,https://www.netcarmultimarcas.com.br/imagens/veiculos_automacar/28032026ARGO%20DRIVE%20JCL5B85CAPA.png,FIAT,"https://www.netcarmultimarcas.com.br/imagens/veiculos_automacar/small/28032026ARGO%20DRIVE%20JCL5B85CAPA.jpg,https://www.netcarmultimarcas.com.br/imagens/veiculos_automacar/big/28032026ARGO%20DRIVE%20JCL5B85CAPA.jpg,https://www.netcarmultimarcas.com.br/imagens/veiculos_automacar/big/28032026ARGO%20DRIVE%20JCL5B855.jpg,https://www.netcarmultimarcas.com.br/imagens/veiculos_automacar/big/28032026ARGO%20DRIVE%20JCL5B856.jpg,https://www.netcarmultimarcas.com.br/imagens/veiculos_automacar/big/28032026ARGO%20DRIVE%20JCL5B857.jpg,https://www.netcarmultimarcas.com.br/imagens/veiculos_automacar/big/28032026ARGO%20DRIVE%20JCL5B859.jpg,https://www.netcarmultimarcas.com.br/imagens/veiculos_automacar/big/28032026ARGO%20DRIVE%20JCL5B858.jpg,https://www.netcarmultimarcas.com.br/imagens/veiculos_automacar/big/28032026ARGO%20DRIVE%20JCL5B8510.jpg,https://www.netcarmultimarcas.com.br/imagens/veiculos_automacar/big/28032026ARGO%20DRIVE%20JCL5B854.jpg"
19356,HONDA HRV EX 2017,129.000 km · Motor 1.8 · AUTOMATICO · Flex · Cor PRETA. Seminovo vistoriado na Netcar Multimarcas (Esteio/RS). Financiamento e avaliação na troca.,in stock,used,89900.00 BRL,https://www.netcarmultimarcas.com.br/veiculo/hrv-ex-2017-ixn-xx31-19356,https://www.netcarmultimarcas.com.br/imagens/veiculos_automacar/20012026HRV%20EX%20IXN4J31CAPA.png,HONDA,"https://www.netcarmultimarcas.com.br/imagens/veiculos_automacar/small/20012026HRV%20EX%20IXN4J31CAPA.jpg,https://www.netcarmultimarcas.com.br/imagens/veiculos_automacar/big/20012026HRV%20EX%20IXN4J31CAPA.jpg,https://www.netcarmultimarcas.com.br/imagens/veiculos_automacar/big/20012026HRV%20EX%20IXN4J3112.jpg,https://www.netcarmultimarcas.com.br/imagens/veiculos_automacar/big/20012026HRV%20EX%20IXN4J312.jpg,https://www.netcarmultimarcas.com.br/imagens/veiculos_automacar/big/20012026HRV%20EX%20IXN4J314.jpg,https://www.netcarmultimarcas.com.br/imagens/veiculos_automacar/big/20012026HRV%20EX%20IXN4J315.jpg,https://www.netcarmultimarcas.com.br/imagens/veiculos_automacar/big/20012026HRV%20EX%20IXN4J313.jpg,https://www.netcarmultimarcas.com.br/imagens/veiculos_automacar/big/20012026HRV%20EX%20IXN4J3111.jpg,https://www.netcarmultimarcas.com.br/imagens/veiculos_automacar/big/20012026HRV%20EX%20IXN4J317.jpg"
19653,HYUNDAI IX35 GL 2018,136.000 km · Motor 2.0 · AUTOMATICO · Flex · Cor PRETA. Seminovo vistoriado na Netcar Multimarcas (Esteio/RS). Financiamento e avaliação na troca.,in stock,used,89900.00 BRL,https://www.netcarmultimarcas.com.br/veiculo/ix35-gl-2018-ixx-xx55-19653,https://www.netcarmultimarcas.com.br/imagens/veiculos_automacar/17042026IX35%20GL2%20IXX0J55CAPA.png,HYUNDAI,"https://www.netcarmultimarcas.com.br/imagens/veiculos_automacar/small/17042026IX35%20GL2%20IXX0J55CAPA.jpg,https://www.netcarmultimarcas.com.br/imagens/veiculos_automacar/big/17042026IX35%20GL2%20IXX0J55CAPA.jpg,https://www.netcarmultimarcas.com.br/imagens/veiculos_automacar/big/17042026IX35%20GL2%20IXX0J556.jpg,https://www.netcarmultimarcas.com.br/imagens/veiculos_automacar/big/17042026IX35%20GL2%20IXX0J557.jpg,https://www.netcarmultimarcas.com.br/imagens/veiculos_automacar/big/17042026IX35%20GL2%20IXX0J559.jpg,https://www.netcarmultimarcas.com.br/imagens/veiculos_automacar/big/17042026IX35%20GL2%20IXX0J5510.jpg,https://www.netcarmultimarcas.com.br/imagens/veiculos_automacar/big/17042026IX35%20GL2%20IXX0J558.jpg,https://www.netcarmultimarcas.com.br/imagens/veiculos_automacar/big/17042026IX35%20GL2%20IXX0J5511.jpg,https://www.netcarmultimarcas.com.br/imagens/veiculos_automacar/big/17042026IX35%20GL2%20IXX0J553.jpg"
19681,HYUNDAI CRETA ACTION 2021,87.500 km · Motor 1.6 · AUTOMATICO · Flex · Cor PRETA. Seminovo vistoriado na Netcar Multimarcas (Esteio/RS). Financiamento e avaliação na troca.,in stock,used,92900.00 BRL,https://www.netcarmultimarcas.com.br/veiculo/creta-action-2021-jaq-xx37-19681,https://www.netcarmultimarcas.com.br/imagens/veiculos_automacar/12032026CRETA%20ACTION%20JAQ5F37CAPA.png,HYUNDAI,"https://www.netcarmultimarcas.com.br/imagens/veiculos_automacar/small/12032026CRETA%20ACTION%20JAQ5F37CAPA.jpg,https://www.netcarmultimarcas.com.br/imagens/veiculos_automacar/big/12032026CRETA%20ACTION%20JAQ5F37CAPA.jpg,https://www.netcarmultimarcas.com.br/imagens/veiculos_automacar/big/12032026CRETA%20ACTION%20JAQ5F375.jpg,https://www.netcarmultimarcas.com.br/imagens/veiculos_automacar/big/12032026CRETA%20ACTION%20JAQ5F376.jpg,https://www.netcarmultimarcas.com.br/imagens/veiculos_automacar/big/12032026CRETA%20ACTION%20JAQ5F378.jpg,https://www.netcarmultimarcas.com.br/imagens/veiculos_automacar/big/12032026CRETA%20ACTION%20JAQ5F379.jpg,https://www.netcarmultimarcas.com.br/imagens/veiculos_automacar/big/12032026CRETA%20ACTION%20JAQ5F377.jpg,https://www.netcarmultimarcas.com.br/imagens/veiculos_automacar/big/12032026CRETA%20ACTION%20JAQ5F3710.jpg,https://www.netcarmultimarcas.com.br/imagens/veiculos_automacar/big/12032026CRETA%20ACTION%20JAQ5F3711.jpg"
19868,HYUNDAI CRETA PRESTIGE 2018,155.007 km · Motor 2.0 · AUTOMATICO · Flex · Cor CINZA. Seminovo vistoriado na Netcar Multimarcas (Esteio/RS). Financiamento e avaliação na troca.,in stock,used,92900.00 BRL,https://www.netcarmultimarcas.com.br/veiculo/creta-prestige-2018-iyo-xx70-19868,https://www.netcarmultimarcas.com.br/imagens/veiculos_automacar/04072026CRETA%20PRESTIGE%20IYO6I70CAPA.png,HYUNDAI,"https://www.netcarmultimarcas.com.br/imagens/veiculos_automacar/small/04072026CRETA%20PRESTIGE%20IYO6I70CAPA.jpg,https://www.netcarmultimarcas.com.br/imagens/veiculos_automacar/big/04072026CRETA%20PRESTIGE%20IYO6I70CAPA.jpg,https://www.netcarmultimarcas.com.br/imagens/veiculos_automacar/big/04072026CRETA%20PRESTIGE%20IYO6I704.jpg,https://www.netcarmultimarcas.com.br/imagens/veiculos_automacar/big/04072026CRETA%20PRESTIGE%20IYO6I703.jpg,https://www.netcarmultimarcas.com.br/imagens/veiculos_automacar/big/04072026CRETA%20PRESTIGE%20IYO6I7012.jpg,https://www.netcarmultimarcas.com.br/imagens/veiculos_automacar/big/04072026CRETA%20PRESTIGE%20IYO6I7011.jpg,https://www.netcarmultimarcas.com.br/imagens/veiculos_automacar/big/04072026CRETA%20PRESTIGE%20IYO6I702.jpg,https://www.netcarmultimarcas.com.br/imagens/veiculos_automacar/big/04072026CRETA%20PRESTIGE%20IYO6I7010.jpg,https://www.netcarmultimarcas.com.br/imagens/veiculos_automacar/big/04072026CRETA%20PRESTIGE%20IYO6I705.jpg"
19899,HYUNDAI IX35 GL 2020,92.794 km · Motor 2.0 · AUTOMATICO · Flex · Cor CINZA. Seminovo vistoriado na Netcar Multimarcas (Esteio/RS). Financiamento e avaliação na troca.,in stock,used,94900.00 BRL,https://www.netcarmultimarcas.com.br/veiculo/ix35-gl-2020-izh-xx40-19899,https://www.netcarmultimarcas.com.br/imagens/veiculos_automacar/29062026IX35%20GL%20IZH6D40CAPA.png,HYUNDAI,"https://www.netcarmultimarcas.com.br/imagens/veiculos_automacar/small/29062026IX35%20GL%20IZH6D40CAPA.jpg,https://www.netcarmultimarcas.com.br/imagens/veiculos_automacar/big/29062026IX35%20GL%20IZH6D40CAPA.jpg,https://www.netcarmultimarcas.com.br/imagens/veiculos_automacar/big/29062026IX35%20GL%20IZH6D406.jpg,https://www.netcarmultimarcas.com.br/imagens/veiculos_automacar/big/29062026IX35%20GL%20IZH6D407.jpg,https://www.netcarmultimarcas.com.br/imagens/veiculos_automacar/big/29062026IX35%20GL%20IZH6D409.jpg,https://www.netcarmultimarcas.com.br/imagens/veiculos_automacar/big/29062026IX35%20GL%20IZH6D4010.jpg,https://www.netcarmultimarcas.com.br/imagens/veiculos_automacar/big/29062026IX35%20GL%20IZH6D408.jpg,https://www.netcarmultimarcas.com.br/imagens/veiculos_automacar/big/29062026IX35%20GL%20IZH6D4011.jpg,https://www.netcarmultimarcas.com.br/imagens/veiculos_automacar/big/29062026IX35%20GL%20IZH6D401.jpg"
19877,CHEVROLET ONIX PREMIER PLUS TURBO 2024,39.943 km · Motor 1.0 · AUTOMATICO · Flex · Cor BRANCA. Seminovo vistoriado na Netcar Multimarcas (Esteio/RS). Financiamento e avaliação na troca.,in stock,used,94900.00 BRL,https://www.netcarmultimarcas.com.br/veiculo/onix-premier-plus-turbo-2024-jci-xx11-19877,https://www.netcarmultimarcas.com.br/imagens/veiculos_automacar/23062026ONIX%20PREMIERE%20PLUS%20JCI3C11CAPA.png,CHEVROLET,"https://www.netcarmultimarcas.com.br/imagens/veiculos_automacar/small/23062026ONIX%20PREMIERE%20PLUS%20JCI3C11CAPA.jpg,https://www.netcarmultimarcas.com.br/imagens/veiculos_automacar/big/23062026ONIX%20PREMIERE%20PLUS%20JCI3C11CAPA.jpg,https://www.netcarmultimarcas.com.br/imagens/veiculos_automacar/big/23062026ONIX%20PREMIERE%20PLUS%20JCI3C116.jpg,https://www.netcarmultimarcas.com.br/imagens/veiculos_automacar/big/23062026ONIX%20PREMIERE%20PLUS%20JCI3C117.jpg,https://www.netcarmultimarcas.com.br/imagens/veiculos_automacar/big/23062026ONIX%20PREMIERE%20PLUS%20JCI3C119.jpg,https://www.netcarmultimarcas.com.br/imagens/veiculos_automacar/big/23062026ONIX%20PREMIERE%20PLUS%20JCI3C1110.jpg,https://www.netcarmultimarcas.com.br/imagens/veiculos_automacar/big/23062026ONIX%20PREMIERE%20PLUS%20JCI3C118.jpg,https://www.netcarmultimarcas.com.br/imagens/veiculos_automacar/big/23062026ONIX%20PREMIERE%20PLUS%20JCI3C1111.jpg,https://www.netcarmultimarcas.com.br/imagens/veiculos_automacar/big/23062026ONIX%20PREMIERE%20PLUS%20JCI3C111.jpg"
19914,HYUNDAI HB20 PLATINUM TURBO 2024,50.306 km · Motor 1.0 · AUTOMATICO · Flex · Cor PRETA. Seminovo vistoriado na Netcar Multimarcas (Esteio/RS). Financiamento e avaliação na troca.,in stock,used,95900.00 BRL,https://www.netcarmultimarcas.com.br/veiculo/hb20-platinum-turbo-2024-jco-xx21-19914,https://www.netcarmultimarcas.com.br/imagens/veiculos_automacar/10072026HB20%20PLATINUM%20JCO6B21CAPA.png,HYUNDAI,"https://www.netcarmultimarcas.com.br/imagens/veiculos_automacar/small/10072026HB20%20PLATINUM%20JCO6B21CAPA.jpg,https://www.netcarmultimarcas.com.br/imagens/veiculos_automacar/big/10072026HB20%20PLATINUM%20JCO6B21CAPA.jpg,https://www.netcarmultimarcas.com.br/imagens/veiculos_automacar/big/10072026HB20%20PLATINUM%20JCO6B216.jpg,https://www.netcarmultimarcas.com.br/imagens/veiculos_automacar/big/10072026HB20%20PLATINUM%20JCO6B217.jpg,https://www.netcarmultimarcas.com.br/imagens/veiculos_automacar/big/10072026HB20%20PLATINUM%20JCO6B219.jpg,https://www.netcarmultimarcas.com.br/imagens/veiculos_automacar/big/10072026HB20%20PLATINUM%20JCO6B2110.jpg,https://www.netcarmultimarcas.com.br/imagens/veiculos_automacar/big/10072026HB20%20PLATINUM%20JCO6B218.jpg,https://www.netcarmultimarcas.com.br/imagens/veiculos_automacar/big/10072026HB20%20PLATINUM%20JCO6B2111.jpg,https://www.netcarmultimarcas.com.br/imagens/veiculos_automacar/big/10072026HB20%20PLATINUM%20JCO6B211.jpg"
19739,HONDA HRV EX 2018,110.000 km · Motor 1.8 · AUTOMATICO · Flex · Cor PRETA. Seminovo vistoriado na Netcar Multimarcas (Esteio/RS). Financiamento e avaliação na troca.,in stock,used,95900.00 BRL,https://www.netcarmultimarcas.com.br/veiculo/hrv-ex-2018-iyq-xx33-19739,https://www.netcarmultimarcas.com.br/imagens/veiculos_automacar/20012026HRV%20EX%20IYQ5G33CAPA.png,HONDA,"https://www.netcarmultimarcas.com.br/imagens/veiculos_automacar/small/20012026HRV%20EX%20IYQ5G33CAPA.jpg,https://www.netcarmultimarcas.com.br/imagens/veiculos_automacar/big/20012026HRV%20EX%20IYQ5G33CAPA.jpg,https://www.netcarmultimarcas.com.br/imagens/veiculos_automacar/big/20012026HRV%20EX%20IYQ5G3312.jpg,https://www.netcarmultimarcas.com.br/imagens/veiculos_automacar/big/20012026HRV%20EX%20IYQ5G333.jpg,https://www.netcarmultimarcas.com.br/imagens/veiculos_automacar/big/20012026HRV%20EX%20IYQ5G332.jpg,https://www.netcarmultimarcas.com.br/imagens/veiculos_automacar/big/20012026HRV%20EX%20IYQ5G335.jpg,https://www.netcarmultimarcas.com.br/imagens/veiculos_automacar/big/20012026HRV%20EX%20IYQ5G334.jpg,https://www.netcarmultimarcas.com.br/imagens/veiculos_automacar/big/20012026HRV%20EX%20IYQ5G336.jpg,https://www.netcarmultimarcas.com.br/imagens/veiculos_automacar/big/20012026HRV%20EX%20IYQ5G337.jpg"
19698,JEEP COMPASS SPORT 2020,81.500 km · Motor 2.0 · AUTOMATICO · Flex · Cor BRANCA. Seminovo vistoriado na Netcar Multimarcas (Esteio/RS). Financiamento e avaliação na troca.,in stock,used,96900.00 BRL,https://www.netcarmultimarcas.com.br/veiculo/compass-sport-2020-izt-xx11-19698,https://www.netcarmultimarcas.com.br/imagens/veiculos_automacar/31032026COMPASS%20SPORT%20IZT9D11CAPA.png,JEEP,"https://www.netcarmultimarcas.com.br/imagens/veiculos_automacar/small/31032026COMPASS%20SPORT%20IZT9D11CAPA.jpg,https://www.netcarmultimarcas.com.br/imagens/veiculos_automacar/big/31032026COMPASS%20SPORT%20IZT9D11CAPA.jpg,https://www.netcarmultimarcas.com.br/imagens/veiculos_automacar/big/31032026COMPASS%20SPORT%20IZT9D112.jpg,https://www.netcarmultimarcas.com.br/imagens/veiculos_automacar/big/31032026COMPASS%20SPORT%20IZT9D113.jpg,https://www.netcarmultimarcas.com.br/imagens/veiculos_automacar/big/31032026COMPASS%20SPORT%20IZT9D111.jpg,https://www.netcarmultimarcas.com.br/imagens/veiculos_automacar/big/31032026COMPASS%20SPORT%20IZT9D115.jpg,https://www.netcarmultimarcas.com.br/imagens/veiculos_automacar/big/31032026COMPASS%20SPORT%20IZT9D114.jpg,https://www.netcarmultimarcas.com.br/imagens/veiculos_automacar/big/31032026COMPASS%20SPORT%20IZT9D116.jpg,https://www.netcarmultimarcas.com.br/imagens/veiculos_automacar/big/31032026COMPASS%20SPORT%20IZT9D117.jpg"
19907,VOLKSWAGEN NIVUS COMFORTLINE TURBO 2021,70.716 km · Motor 1.0 · AUTOMATICO · Flex · Cor PRETA. Seminovo vistoriado na Netcar Multimarcas (Esteio/RS). Financiamento e avaliação na troca.,in stock,used,96900.00 BRL,https://www.netcarmultimarcas.com.br/veiculo/nivus-comfortline-turbo-2021-jad-xx60-19907,https://www.netcarmultimarcas.com.br/imagens/banner/271_172032271_143360A38D92F5-9A8B-4A5F-AD68-C6CA164ED9F7-4.png,VOLKSWAGEN,
19755,VOLKSWAGEN T CROSS TSI TURBO 2021,118.000 km · Motor 1.0 · AUTOMATICO · Flex · Cor MARROM. Seminovo vistoriado na Netcar Multimarcas (Esteio/RS). Financiamento e avaliação na troca.,in stock,used,96900.00 BRL,https://www.netcarmultimarcas.com.br/veiculo/t-cross-tsi-turbo-2021-jai-xx37-19755,https://www.netcarmultimarcas.com.br/imagens/veiculos_automacar/15042026T%20CROSS%20TSI%20JAI8B37CAPA.png,VOLKSWAGEN,"https://www.netcarmultimarcas.com.br/imagens/veiculos_automacar/small/15042026T%20CROSS%20TSI%20JAI8B37CAPA.jpg,https://www.netcarmultimarcas.com.br/imagens/veiculos_automacar/big/15042026T%20CROSS%20TSI%20JAI8B37CAPA.jpg,https://www.netcarmultimarcas.com.br/imagens/veiculos_automacar/big/15042026T%20CROSS%20TSI%20JAI8B375.jpg,https://www.netcarmultimarcas.com.br/imagens/veiculos_automacar/big/15042026T%20CROSS%20TSI%20JAI8B376.jpg,https://www.netcarmultimarcas.com.br/imagens/veiculos_automacar/big/15042026T%20CROSS%20TSI%20JAI8B377.jpg,https://www.netcarmultimarcas.com.br/imagens/veiculos_automacar/big/15042026T%20CROSS%20TSI%20JAI8B378.jpg,https://www.netcarmultimarcas.com.br/imagens/veiculos_automacar/big/15042026T%20CROSS%20TSI%20JAI8B371.jpg,https://www.netcarmultimarcas.com.br/imagens/veiculos_automacar/big/15042026T%20CROSS%20TSI%20JAI8B373.jpg,https://www.netcarmultimarcas.com.br/imagens/veiculos_automacar/big/15042026T%20CROSS%20TSI%20JAI8B3710.jpg"
19904,CHEVROLET TRACKER LT TURBO 2022,69.250 km · Motor 1.0 · AUTOMATICO · Flex · Cor PRETA. Seminovo vistoriado na Netcar Multimarcas (Esteio/RS). Financiamento e avaliação na troca.,in stock,used,96900.00 BRL,https://www.netcarmultimarcas.com.br/veiculo/tracker-lt-turbo-2022-jax-xx72-19904,https://www.netcarmultimarcas.com.br/imagens/banner/271_172032271_143360A38D92F5-9A8B-4A5F-AD68-C6CA164ED9F7-4.png,CHEVROLET,
19892,NISSAN VERSA ADVANCE 2024,64.889 km · Motor 1.6 · AUTOMATICO · Flex · Cor BRANCA. Seminovo vistoriado na Netcar Multimarcas (Esteio/RS). Financiamento e avaliação na troca.,in stock,used,99900.00 BRL,https://www.netcarmultimarcas.com.br/veiculo/versa-advance-2024-jcl-xx90-19892,https://www.netcarmultimarcas.com.br/imagens/veiculos_automacar/04072026VERSA%20ADVANCE%20JCL5E90CAPA.png,NISSAN,"https://www.netcarmultimarcas.com.br/imagens/veiculos_automacar/small/04072026VERSA%20ADVANCE%20JCL5E90CAPA.jpg,https://www.netcarmultimarcas.com.br/imagens/veiculos_automacar/big/04072026VERSA%20ADVANCE%20JCL5E90CAPA.jpg,https://www.netcarmultimarcas.com.br/imagens/veiculos_automacar/big/04072026VERSA%20ADVANCE%20JCL5E906.jpg,https://www.netcarmultimarcas.com.br/imagens/veiculos_automacar/big/04072026VERSA%20ADVANCE%20JCL5E907.jpg,https://www.netcarmultimarcas.com.br/imagens/veiculos_automacar/big/04072026VERSA%20ADVANCE%20JCL5E909.jpg,https://www.netcarmultimarcas.com.br/imagens/veiculos_automacar/big/04072026VERSA%20ADVANCE%20JCL5E9010.jpg,https://www.netcarmultimarcas.com.br/imagens/veiculos_automacar/big/04072026VERSA%20ADVANCE%20JCL5E908.jpg,https://www.netcarmultimarcas.com.br/imagens/veiculos_automacar/big/04072026VERSA%20ADVANCE%20JCL5E9011.jpg,https://www.netcarmultimarcas.com.br/imagens/veiculos_automacar/big/04072026VERSA%20ADVANCE%20JCL5E901.jpg"
19858,MITSUBISHI ECLIPSE CROSS HPE TURBO 2020,105.000 km · Motor 1.5 · AUTOMATICO · GASOLINA · Cor MARROM. Seminovo vistoriado na Netcar Multimarcas (Esteio/RS). Financiamento e avaliação na troca.,in stock,used,102900.00 BRL,https://www.netcarmultimarcas.com.br/veiculo/eclipse-cross-hpe-turbo-2020-jak-xx17-19858,https://www.netcarmultimarcas.com.br/imagens/veiculos_automacar/18062026ECLIPSE%20CROSS%20JAK8B17CAPA.png,MITSUBISHI,"https://www.netcarmultimarcas.com.br/imagens/veiculos_automacar/small/18062026ECLIPSE%20CROSS%20JAK8B17CAPA.jpg,https://www.netcarmultimarcas.com.br/imagens/veiculos_automacar/big/18062026ECLIPSE%20CROSS%20JAK8B17CAPA.jpg,https://www.netcarmultimarcas.com.br/imagens/veiculos_automacar/big/18062026ECLIPSE%20CROSS%20JAK8B176.jpg,https://www.netcarmultimarcas.com.br/imagens/veiculos_automacar/big/18062026ECLIPSE%20CROSS%20JAK8B177.jpg,https://www.netcarmultimarcas.com.br/imagens/veiculos_automacar/big/18062026ECLIPSE%20CROSS%20JAK8B179.jpg,https://www.netcarmultimarcas.com.br/imagens/veiculos_automacar/big/18062026ECLIPSE%20CROSS%20JAK8B1710.jpg,https://www.netcarmultimarcas.com.br/imagens/veiculos_automacar/big/18062026ECLIPSE%20CROSS%20JAK8B178.jpg,https://www.netcarmultimarcas.com.br/imagens/veiculos_automacar/big/18062026ECLIPSE%20CROSS%20JAK8B1711.jpg,https://www.netcarmultimarcas.com.br/imagens/veiculos_automacar/big/18062026ECLIPSE%20CROSS%20JAK8B171.jpg"
19839,NISSAN KICKS ADVANCE 2023,84.000 km · Motor 1.6 · AUTOMATICO · Flex · Cor CINZA. Seminovo vistoriado na Netcar Multimarcas (Esteio/RS). Financiamento e avaliação na troca.,in stock,used,105900.00 BRL,https://www.netcarmultimarcas.com.br/veiculo/kicks-advance-2023-jbr-xx53-19839,https://www.netcarmultimarcas.com.br/imagens/veiculos_automacar/21052026KICKS%20ADVANCE%20JBR1C53CAPA.png,NISSAN,"https://www.netcarmultimarcas.com.br/imagens/veiculos_automacar/small/21052026KICKS%20ADVANCE%20JBR1C53CAPA.jpg,https://www.netcarmultimarcas.com.br/imagens/veiculos_automacar/big/21052026KICKS%20ADVANCE%20JBR1C53CAPA.jpg,https://www.netcarmultimarcas.com.br/imagens/veiculos_automacar/big/21052026KICKS%20ADVANCE%20JBR1C531.jpg,https://www.netcarmultimarcas.com.br/imagens/veiculos_automacar/big/21052026KICKS%20ADVANCE%20JBR1C537.jpg,https://www.netcarmultimarcas.com.br/imagens/veiculos_automacar/big/21052026KICKS%20ADVANCE%20JBR1C538.jpg,https://www.netcarmultimarcas.com.br/imagens/veiculos_automacar/big/21052026KICKS%20ADVANCE%20JBR1C5310.jpg,https://www.netcarmultimarcas.com.br/imagens/veiculos_automacar/big/21052026KICKS%20ADVANCE%20JBR1C539.jpg,https://www.netcarmultimarcas.com.br/imagens/veiculos_automacar/big/21052026KICKS%20ADVANCE%20JBR1C534.jpg,https://www.netcarmultimarcas.com.br/imagens/veiculos_automacar/big/21052026KICKS%20ADVANCE%20JBR1C536.jpg"
19901,CHEVROLET TRACKER PREMIER TURBO 2021,100.429 km · Motor 1.2 · AUTOMATICO · Flex · Cor CINZA. Seminovo vistoriado na Netcar Multimarcas (Esteio/RS). Financiamento e avaliação na troca.,in stock,used,105900.00 BRL,https://www.netcarmultimarcas.com.br/veiculo/tracker-premier-turbo-2021-jaj-xx26-19901,https://www.netcarmultimarcas.com.br/imagens/veiculos_automacar/10072026tracker%20premiere%20JAJ6H26CAPA.png,CHEVROLET,"https://www.netcarmultimarcas.com.br/imagens/veiculos_automacar/small/10072026tracker%20premiere%20JAJ6H26CAPA.jpg,https://www.netcarmultimarcas.com.br/imagens/veiculos_automacar/big/10072026tracker%20premiere%20JAJ6H26CAPA.jpg,https://www.netcarmultimarcas.com.br/imagens/veiculos_automacar/big/10072026tracker%20premiere%20JAJ6H2613.jpg,https://www.netcarmultimarcas.com.br/imagens/veiculos_automacar/big/10072026tracker%20premiere%20JAJ6H262.jpg,https://www.netcarmultimarcas.com.br/imagens/veiculos_automacar/big/10072026tracker%20premiere%20JAJ6H264.jpg,https://www.netcarmultimarcas.com.br/imagens/veiculos_automacar/big/10072026tracker%20premiere%20JAJ6H265.jpg,https://www.netcarmultimarcas.com.br/imagens/veiculos_automacar/big/10072026tracker%20premiere%20JAJ6H263.jpg,https://www.netcarmultimarcas.com.br/imagens/veiculos_automacar/big/10072026tracker%20premiere%20JAJ6H266.jpg,https://www.netcarmultimarcas.com.br/imagens/veiculos_automacar/big/10072026tracker%20premiere%20JAJ6H2611.jpg"
19848,VOLKSWAGEN NIVUS HIGHLINE TURBO 2021,88.000 km · Motor 1.0 · AUTOMATICO · Flex · Cor VERMELHA. Seminovo vistoriado na Netcar Multimarcas (Esteio/RS). Financiamento e avaliação na troca.,in stock,used,106900.00 BRL,https://www.netcarmultimarcas.com.br/veiculo/nivus-highline-turbo-2021-jao-xx32-19848,https://www.netcarmultimarcas.com.br/imagens/veiculos_automacar/06062026NIVUS%20HIGHLINE%20JAO0J32CAPA.png,VOLKSWAGEN,"https://www.netcarmultimarcas.com.br/imagens/veiculos_automacar/small/06062026NIVUS%20HIGHLINE%20JAO0J32CAPA.jpg,https://www.netcarmultimarcas.com.br/imagens/veiculos_automacar/big/06062026NIVUS%20HIGHLINE%20JAO0J32CAPA.jpg,https://www.netcarmultimarcas.com.br/imagens/veiculos_automacar/big/06062026NIVUS%20HIGHLINE%20JAO0J3210.jpg,https://www.netcarmultimarcas.com.br/imagens/veiculos_automacar/big/06062026NIVUS%20HIGHLINE%20JAO0J3211.jpg,https://www.netcarmultimarcas.com.br/imagens/veiculos_automacar/big/06062026NIVUS%20HIGHLINE%20JAO0J322.jpg,https://www.netcarmultimarcas.com.br/imagens/veiculos_automacar/big/06062026NIVUS%20HIGHLINE%20JAO0J323.jpg,https://www.netcarmultimarcas.com.br/imagens/veiculos_automacar/big/06062026NIVUS%20HIGHLINE%20JAO0J3212.jpg,https://www.netcarmultimarcas.com.br/imagens/veiculos_automacar/big/06062026NIVUS%20HIGHLINE%20JAO0J321.jpg,https://www.netcarmultimarcas.com.br/imagens/veiculos_automacar/big/06062026NIVUS%20HIGHLINE%20JAO0J328.jpg"
19688,HONDA CITY EXL 2023,53.000 km · Motor 1.5 · AUTOMATICO · Flex · Cor PRETA. Seminovo vistoriado na Netcar Multimarcas (Esteio/RS). Financiamento e avaliação na troca.,in stock,used,109900.00 BRL,https://www.netcarmultimarcas.com.br/veiculo/city-exl-2023-jbp-xx03-19688,https://www.netcarmultimarcas.com.br/imagens/veiculos_automacar/10032026CITY%20EXL%20JBP5C03CAPA.png,HONDA,"https://www.netcarmultimarcas.com.br/imagens/veiculos_automacar/small/10032026CITY%20EXL%20JBP5C03CAPA.jpg,https://www.netcarmultimarcas.com.br/imagens/veiculos_automacar/big/10032026CITY%20EXL%20JBP5C03CAPA.jpg,https://www.netcarmultimarcas.com.br/imagens/veiculos_automacar/big/10032026CITY%20EXL%20JBP5C035.jpg,https://www.netcarmultimarcas.com.br/imagens/veiculos_automacar/big/10032026CITY%20EXL%20JBP5C036.jpg,https://www.netcarmultimarcas.com.br/imagens/veiculos_automacar/big/10032026CITY%20EXL%20JBP5C037.jpg,https://www.netcarmultimarcas.com.br/imagens/veiculos_automacar/big/10032026CITY%20EXL%20JBP5C039.jpg,https://www.netcarmultimarcas.com.br/imagens/veiculos_automacar/big/10032026CITY%20EXL%20JBP5C038.jpg,https://www.netcarmultimarcas.com.br/imagens/veiculos_automacar/big/10032026CITY%20EXL%20JBP5C0310.jpg,https://www.netcarmultimarcas.com.br/imagens/veiculos_automacar/big/10032026CITY%20EXL%20JBP5C0311.jpg"
19602,NISSAN VERSA EXCLUSIVE 2024,65.700 km · Motor 1.6 · AUTOMATICO · Flex · Cor BRANCA. Seminovo vistoriado na Netcar Multimarcas (Esteio/RS). Financiamento e avaliação na troca.,in stock,used,109900.00 BRL,https://www.netcarmultimarcas.com.br/veiculo/versa-exclusive-2024-jcg-xx72-19602,https://www.netcarmultimarcas.com.br/imagens/veiculos_automacar/20012026versa%20JCG6B72CAPA.png,NISSAN,"https://www.netcarmultimarcas.com.br/imagens/veiculos_automacar/small/20012026versa%20JCG6B72CAPA.jpg,https://www.netcarmultimarcas.com.br/imagens/veiculos_automacar/big/20012026versa%20JCG6B72CAPA.jpg,https://www.netcarmultimarcas.com.br/imagens/veiculos_automacar/big/20012026versa%20JCG6B726.jpg,https://www.netcarmultimarcas.com.br/imagens/veiculos_automacar/big/20012026versa%20JCG6B727.jpg,https://www.netcarmultimarcas.com.br/imagens/veiculos_automacar/big/20012026versa%20JCG6B729.jpg,https://www.netcarmultimarcas.com.br/imagens/veiculos_automacar/big/20012026versa%20JCG6B7210.jpg,https://www.netcarmultimarcas.com.br/imagens/veiculos_automacar/big/20012026versa%20JCG6B728.jpg,https://www.netcarmultimarcas.com.br/imagens/veiculos_automacar/big/20012026versa%20JCG6B7211.jpg,https://www.netcarmultimarcas.com.br/imagens/veiculos_automacar/big/20012026versa%20JCG6B7212.jpg"
19690,CHEVROLET TRACKER PREMIER TURBO 2023,68.900 km · Motor 1.2 · AUTOMATICO · Flex · Cor AZUL. Seminovo vistoriado na Netcar Multimarcas (Esteio/RS). Financiamento e avaliação na troca.,in stock,used,111900.00 BRL,https://www.netcarmultimarcas.com.br/veiculo/tracker-premier-turbo-2023-jbl-xx15-19690,https://www.netcarmultimarcas.com.br/imagens/veiculos_automacar/17042026TRACKER%20PREMIERE2%20JBL4F15CAPA.png,CHEVROLET,"https://www.netcarmultimarcas.com.br/imagens/veiculos_automacar/small/17042026TRACKER%20PREMIERE2%20JBL4F15CAPA.jpg,https://www.netcarmultimarcas.com.br/imagens/veiculos_automacar/big/17042026TRACKER%20PREMIERE2%20JBL4F15CAPA.jpg,https://www.netcarmultimarcas.com.br/imagens/veiculos_automacar/big/17042026TRACKER%20PREMIERE2%20JBL4F155.jpg,https://www.netcarmultimarcas.com.br/imagens/veiculos_automacar/big/17042026TRACKER%20PREMIERE2%20JBL4F156.jpg,https://www.netcarmultimarcas.com.br/imagens/veiculos_automacar/big/17042026TRACKER%20PREMIERE2%20JBL4F157.jpg,https://www.netcarmultimarcas.com.br/imagens/veiculos_automacar/big/17042026TRACKER%20PREMIERE2%20JBL4F159.jpg,https://www.netcarmultimarcas.com.br/imagens/veiculos_automacar/big/17042026TRACKER%20PREMIERE2%20JBL4F158.jpg,https://www.netcarmultimarcas.com.br/imagens/veiculos_automacar/big/17042026TRACKER%20PREMIERE2%20JBL4F1510.jpg,https://www.netcarmultimarcas.com.br/imagens/veiculos_automacar/big/17042026TRACKER%20PREMIERE2%20JBL4F154.jpg"
19908,VOLKSWAGEN JETTA R LINE TURBO 2019,69.855 km · Motor 1.4 · AUTOMATICO · Flex · Cor CINZA. Seminovo vistoriado na Netcar Multimarcas (Esteio/RS). Financiamento e avaliação na troca.,in stock,used,112900.00 BRL,https://www.netcarmultimarcas.com.br/veiculo/jetta-r-line-turbo-2019-izn-xx14-19908,https://www.netcarmultimarcas.com.br/imagens/banner/271_172032271_143360A38D92F5-9A8B-4A5F-AD68-C6CA164ED9F7-4.png,VOLKSWAGEN,
19750,VOLKSWAGEN T CROSS HIGHLINE TURBO 2021,92.800 km · Motor 1.4 · AUTOMATICO · Flex · Cor PRETA. Seminovo vistoriado na Netcar Multimarcas (Esteio/RS). Financiamento e avaliação na troca.,in stock,used,115900.00 BRL,https://www.netcarmultimarcas.com.br/veiculo/t-cross-highline-turbo-2021-jan-xx57-19750,https://www.netcarmultimarcas.com.br/imagens/veiculos_automacar/18042026T%20CROSS%20HIGHLINE%20JAN6C57CAPA.png,VOLKSWAGEN,"https://www.netcarmultimarcas.com.br/imagens/veiculos_automacar/small/18042026T%20CROSS%20HIGHLINE%20JAN6C57CAPA.jpg,https://www.netcarmultimarcas.com.br/imagens/veiculos_automacar/big/18042026T%20CROSS%20HIGHLINE%20JAN6C57CAPA.jpg,https://www.netcarmultimarcas.com.br/imagens/veiculos_automacar/big/18042026T%20CROSS%20HIGHLINE%20JAN6C577.jpg,https://www.netcarmultimarcas.com.br/imagens/veiculos_automacar/big/18042026T%20CROSS%20HIGHLINE%20JAN6C578.jpg,https://www.netcarmultimarcas.com.br/imagens/veiculos_automacar/big/18042026T%20CROSS%20HIGHLINE%20JAN6C5710.jpg,https://www.netcarmultimarcas.com.br/imagens/veiculos_automacar/big/18042026T%20CROSS%20HIGHLINE%20JAN6C5711.jpg,https://www.netcarmultimarcas.com.br/imagens/veiculos_automacar/big/18042026T%20CROSS%20HIGHLINE%20JAN6C579.jpg,https://www.netcarmultimarcas.com.br/imagens/veiculos_automacar/big/18042026T%20CROSS%20HIGHLINE%20JAN6C5713.jpg,https://www.netcarmultimarcas.com.br/imagens/veiculos_automacar/big/18042026T%20CROSS%20HIGHLINE%20JAN6C574.jpg"
19812,VOLKSWAGEN T CROSS HIGHLINE TURBO 2021,100.000 km · Motor 1.4 · AUTOMATICO · Flex · Cor VERMELHA. Seminovo vistoriado na Netcar Multimarcas (Esteio/RS). Financiamento e avaliação na troca.,in stock,used,115900.00 BRL,https://www.netcarmultimarcas.com.br/veiculo/t-cross-highline-turbo-2021-jal-xx22-19812,https://www.netcarmultimarcas.com.br/imagens/veiculos_automacar/18052026T%20CROSS%20HIGHLINE%20JAL6E22CAPA.png,VOLKSWAGEN,"https://www.netcarmultimarcas.com.br/imagens/veiculos_automacar/small/18052026T%20CROSS%20HIGHLINE%20JAL6E22CAPA.jpg,https://www.netcarmultimarcas.com.br/imagens/veiculos_automacar/big/18052026T%20CROSS%20HIGHLINE%20JAL6E22CAPA.jpg,https://www.netcarmultimarcas.com.br/imagens/veiculos_automacar/big/18052026T%20CROSS%20HIGHLINE%20JAL6E229.jpg,https://www.netcarmultimarcas.com.br/imagens/veiculos_automacar/big/18052026T%20CROSS%20HIGHLINE%20JAL6E2210.jpg,https://www.netcarmultimarcas.com.br/imagens/veiculos_automacar/big/18052026T%20CROSS%20HIGHLINE%20JAL6E2211.jpg,https://www.netcarmultimarcas.com.br/imagens/veiculos_automacar/big/18052026T%20CROSS%20HIGHLINE%20JAL6E2213.jpg,https://www.netcarmultimarcas.com.br/imagens/veiculos_automacar/big/18052026T%20CROSS%20HIGHLINE%20JAL6E2212.jpg,https://www.netcarmultimarcas.com.br/imagens/veiculos_automacar/big/18052026T%20CROSS%20HIGHLINE%20JAL6E228.jpg,https://www.netcarmultimarcas.com.br/imagens/veiculos_automacar/big/18052026T%20CROSS%20HIGHLINE%20JAL6E223.jpg"
19823,CHERY TIGGO 5X PRO TURBO 2023,43.500 km · Motor 1.5 · AUTOMATICO · Flex · Cor PRETA. Seminovo vistoriado na Netcar Multimarcas (Esteio/RS). Financiamento e avaliação na troca.,in stock,used,115900.00 BRL,https://www.netcarmultimarcas.com.br/veiculo/tiggo-5x-pro-turbo-2023-jbs-xx73-19823,https://www.netcarmultimarcas.com.br/imagens/veiculos_automacar/22052026TIGGO%205X%20JBS5C73CAPA.png,CHERY,"https://www.netcarmultimarcas.com.br/imagens/veiculos_automacar/small/22052026TIGGO%205X%20JBS5C73CAPA.jpg,https://www.netcarmultimarcas.com.br/imagens/veiculos_automacar/big/22052026TIGGO%205X%20JBS5C73CAPA.jpg,https://www.netcarmultimarcas.com.br/imagens/veiculos_automacar/big/22052026TIGGO%205X%20JBS5C731.jpg,https://www.netcarmultimarcas.com.br/imagens/veiculos_automacar/big/22052026TIGGO%205X%20JBS5C732.jpg,https://www.netcarmultimarcas.com.br/imagens/veiculos_automacar/big/22052026TIGGO%205X%20JBS5C734.jpg,https://www.netcarmultimarcas.com.br/imagens/veiculos_automacar/big/22052026TIGGO%205X%20JBS5C735.jpg,https://www.netcarmultimarcas.com.br/imagens/veiculos_automacar/big/22052026TIGGO%205X%20JBS5C733.jpg,https://www.netcarmultimarcas.com.br/imagens/veiculos_automacar/big/22052026TIGGO%205X%20JBS5C7311.jpg,https://www.netcarmultimarcas.com.br/imagens/veiculos_automacar/big/22052026TIGGO%205X%20JBS5C738.jpg"
19810,CHERY TIGGO 5X SPORT TURBO 2025,29.500 km · Motor 1.5 · AUTOMATICO · Flex · Cor PRETA. Seminovo vistoriado na Netcar Multimarcas (Esteio/RS). Financiamento e avaliação na troca.,in stock,used,115900.00 BRL,https://www.netcarmultimarcas.com.br/veiculo/tiggo-5x-sport-turbo-2025-jco-xx91-19810,https://www.netcarmultimarcas.com.br/imagens/veiculos_automacar/20052026tiggo%205x%20jco3j91CAPA.png,CHERY,"https://www.netcarmultimarcas.com.br/imagens/veiculos_automacar/small/20052026tiggo%205x%20jco3j91CAPA.jpg,https://www.netcarmultimarcas.com.br/imagens/veiculos_automacar/big/20052026tiggo%205x%20jco3j91CAPA.jpg,https://www.netcarmultimarcas.com.br/imagens/veiculos_automacar/big/20052026tiggo%205x%20jco3j912.jpg,https://www.netcarmultimarcas.com.br/imagens/veiculos_automacar/big/20052026tiggo%205x%20jco3j913.jpg,https://www.netcarmultimarcas.com.br/imagens/veiculos_automacar/big/20052026tiggo%205x%20jco3j914.jpg,https://www.netcarmultimarcas.com.br/imagens/veiculos_automacar/big/20052026tiggo%205x%20jco3j916.jpg,https://www.netcarmultimarcas.com.br/imagens/veiculos_automacar/big/20052026tiggo%205x%20jco3j915.jpg,https://www.netcarmultimarcas.com.br/imagens/veiculos_automacar/big/20052026tiggo%205x%20jco3j9113.jpg,https://www.netcarmultimarcas.com.br/imagens/veiculos_automacar/big/20052026tiggo%205x%20jco3j9112.jpg"
0,HYUNDAI TUCSON GLS TURBO 2021,79.310 km · Motor 1.6 · GASOLINA · Cor CINZA. Seminovo vistoriado na Netcar Multimarcas (Esteio/RS). Financiamento e avaliação na troca.,in stock,used,115900.00 BRL,https://www.netcarmultimarcas.com.br/veiculo/tucson-gls-turbo-2021-jaa-xx15-0,https://www.netcarmultimarcas.com.br/imagens/veiculos_automacar/04072026TUCSON%20JAA7G15CAPA.png,HYUNDAI,"https://www.netcarmultimarcas.com.br/imagens/veiculos_automacar/small/04072026TUCSON%20JAA7G15CAPA.jpg,https://www.netcarmultimarcas.com.br/imagens/veiculos_automacar/big/04072026TUCSON%20JAA7G15CAPA.jpg,https://www.netcarmultimarcas.com.br/imagens/veiculos_automacar/big/04072026TUCSON%20JAA7G157.jpg,https://www.netcarmultimarcas.com.br/imagens/veiculos_automacar/big/04072026TUCSON%20JAA7G158.jpg,https://www.netcarmultimarcas.com.br/imagens/veiculos_automacar/big/04072026TUCSON%20JAA7G1510.jpg,https://www.netcarmultimarcas.com.br/imagens/veiculos_automacar/big/04072026TUCSON%20JAA7G1511.jpg,https://www.netcarmultimarcas.com.br/imagens/veiculos_automacar/big/04072026TUCSON%20JAA7G159.jpg,https://www.netcarmultimarcas.com.br/imagens/veiculos_automacar/big/04072026TUCSON%20JAA7G1512.jpg,https://www.netcarmultimarcas.com.br/imagens/veiculos_automacar/big/04072026TUCSON%20JAA7G156.jpg"
19815,VOLKSWAGEN NIVUS HIGHLINE TURBO 2024,64.500 km · Motor 1.0 · AUTOMATICO · Flex · Cor CINZA. Seminovo vistoriado na Netcar Multimarcas (Esteio/RS). Financiamento e avaliação na troca.,in stock,used,121900.00 BRL,https://www.netcarmultimarcas.com.br/veiculo/nivus-highline-turbo-2024-jcj-xx54-19815,https://www.netcarmultimarcas.com.br/imagens/veiculos_automacar/25052026NIVUS%20JCJ0G54CAPA.png,VOLKSWAGEN,"https://www.netcarmultimarcas.com.br/imagens/veiculos_automacar/small/25052026NIVUS%20JCJ0G54CAPA.jpg,https://www.netcarmultimarcas.com.br/imagens/veiculos_automacar/big/25052026NIVUS%20JCJ0G54CAPA.jpg,https://www.netcarmultimarcas.com.br/imagens/veiculos_automacar/big/25052026NIVUS%20JCJ0G541.jpg,https://www.netcarmultimarcas.com.br/imagens/veiculos_automacar/big/25052026NIVUS%20JCJ0G542.jpg,https://www.netcarmultimarcas.com.br/imagens/veiculos_automacar/big/25052026NIVUS%20JCJ0G544.jpg,https://www.netcarmultimarcas.com.br/imagens/veiculos_automacar/big/25052026NIVUS%20JCJ0G545.jpg,https://www.netcarmultimarcas.com.br/imagens/veiculos_automacar/big/25052026NIVUS%20JCJ0G543.jpg,https://www.netcarmultimarcas.com.br/imagens/veiculos_automacar/big/25052026NIVUS%20JCJ0G5410.jpg,https://www.netcarmultimarcas.com.br/imagens/veiculos_automacar/big/25052026NIVUS%20JCJ0G5411.jpg"
19788,VOLKSWAGEN NIVUS HIGHLINE TURBO 2024,50.000 km · Motor 1.0 · AUTOMATICO · Flex · Cor PRETA. Seminovo vistoriado na Netcar Multimarcas (Esteio/RS). Financiamento e avaliação na troca.,in stock,used,121900.00 BRL,https://www.netcarmultimarcas.com.br/veiculo/nivus-highline-turbo-2024-jcv-xx24-19788,https://www.netcarmultimarcas.com.br/imagens/veiculos_automacar/11052026NIVUS%20HIGHLINE%20JCV5E24CAPA.png,VOLKSWAGEN,"https://www.netcarmultimarcas.com.br/imagens/veiculos_automacar/small/11052026NIVUS%20HIGHLINE%20JCV5E24CAPA.jpg,https://www.netcarmultimarcas.com.br/imagens/veiculos_automacar/big/11052026NIVUS%20HIGHLINE%20JCV5E24CAPA.jpg,https://www.netcarmultimarcas.com.br/imagens/veiculos_automacar/big/11052026NIVUS%20HIGHLINE%20JCV5E246.jpg,https://www.netcarmultimarcas.com.br/imagens/veiculos_automacar/big/11052026NIVUS%20HIGHLINE%20JCV5E247.jpg,https://www.netcarmultimarcas.com.br/imagens/veiculos_automacar/big/11052026NIVUS%20HIGHLINE%20JCV5E249.jpg,https://www.netcarmultimarcas.com.br/imagens/veiculos_automacar/big/11052026NIVUS%20HIGHLINE%20JCV5E2410.jpg,https://www.netcarmultimarcas.com.br/imagens/veiculos_automacar/big/11052026NIVUS%20HIGHLINE%20JCV5E248.jpg,https://www.netcarmultimarcas.com.br/imagens/veiculos_automacar/big/11052026NIVUS%20HIGHLINE%20JCV5E2411.jpg,https://www.netcarmultimarcas.com.br/imagens/veiculos_automacar/big/11052026NIVUS%20HIGHLINE%20JCV5E242.jpg"
19666,BMW X1 XDRIVE 25I SPORT TURBO 2017,94.000 km · Motor 2.0 · AUTOMATICO · Flex · Cor BRANCA. Seminovo vistoriado na Netcar Multimarcas (Esteio/RS). Financiamento e avaliação na troca.,in stock,used,121900.00 BRL,https://www.netcarmultimarcas.com.br/veiculo/x1-xdrive-25i-sport-turbo-2017-jcc-xx22-19666,https://www.netcarmultimarcas.com.br/imagens/veiculos_automacar/16032026X1%20S%20DRIVE%20JCC1C22CAPA.png,BMW,"https://www.netcarmultimarcas.com.br/imagens/veiculos_automacar/small/16032026X1%20S%20DRIVE%20JCC1C22CAPA.jpg,https://www.netcarmultimarcas.com.br/imagens/veiculos_automacar/big/16032026X1%20S%20DRIVE%20JCC1C22CAPA.jpg,https://www.netcarmultimarcas.com.br/imagens/veiculos_automacar/big/16032026X1%20S%20DRIVE%20JCC1C2214.jpg,https://www.netcarmultimarcas.com.br/imagens/veiculos_automacar/big/16032026X1%20S%20DRIVE%20JCC1C222.jpg,https://www.netcarmultimarcas.com.br/imagens/veiculos_automacar/big/16032026X1%20S%20DRIVE%20JCC1C223.jpg,https://www.netcarmultimarcas.com.br/imagens/veiculos_automacar/big/16032026X1%20S%20DRIVE%20JCC1C225.jpg,https://www.netcarmultimarcas.com.br/imagens/veiculos_automacar/big/16032026X1%20S%20DRIVE%20JCC1C224.jpg,https://www.netcarmultimarcas.com.br/imagens/veiculos_automacar/big/16032026X1%20S%20DRIVE%20JCC1C226.jpg,https://www.netcarmultimarcas.com.br/imagens/veiculos_automacar/big/16032026X1%20S%20DRIVE%20JCC1C227.jpg"
19888,PEUGEOT 2008 ALLURE TURBO 2025,19.076 km · Motor 1.0 · AUTOMATICO · Flex · Cor CINZA. Seminovo vistoriado na Netcar Multimarcas (Esteio/RS). Financiamento e avaliação na troca.,in stock,used,123900.00 BRL,https://www.netcarmultimarcas.com.br/veiculo/2008-allure-turbo-2025-jdb-xx51-19888,https://www.netcarmultimarcas.com.br/imagens/veiculos_automacar/300620262008%20allure%20JDB4D51CAPA.png,PEUGEOT,"https://www.netcarmultimarcas.com.br/imagens/veiculos_automacar/small/300620262008%20allure%20JDB4D51CAPA.jpg,https://www.netcarmultimarcas.com.br/imagens/veiculos_automacar/big/300620262008%20allure%20JDB4D51CAPA.jpg,https://www.netcarmultimarcas.com.br/imagens/veiculos_automacar/big/300620262008%20allure%20JDB4D516.jpg,https://www.netcarmultimarcas.com.br/imagens/veiculos_automacar/big/300620262008%20allure%20JDB4D517.jpg,https://www.netcarmultimarcas.com.br/imagens/veiculos_automacar/big/300620262008%20allure%20JDB4D519.jpg,https://www.netcarmultimarcas.com.br/imagens/veiculos_automacar/big/300620262008%20allure%20JDB4D5110.jpg,https://www.netcarmultimarcas.com.br/imagens/veiculos_automacar/big/300620262008%20allure%20JDB4D518.jpg,https://www.netcarmultimarcas.com.br/imagens/veiculos_automacar/big/300620262008%20allure%20JDB4D5111.jpg,https://www.netcarmultimarcas.com.br/imagens/veiculos_automacar/big/300620262008%20allure%20JDB4D511.jpg"
19884,FIAT FASTBACK IMPETUS TURBO 2025,9.500 km · Motor 1.0 · AUTOMATICO · Flex · Cor PRETA. Seminovo vistoriado na Netcar Multimarcas (Esteio/RS). Financiamento e avaliação na troca.,in stock,used,124900.00 BRL,https://www.netcarmultimarcas.com.br/veiculo/fastback-impetus-turbo-2025-jdd-xx45-19884,https://www.netcarmultimarcas.com.br/imagens/veiculos_automacar/22062026FASTBACK%20JDD5G45CAPA.png,FIAT,"https://www.netcarmultimarcas.com.br/imagens/veiculos_automacar/small/22062026FASTBACK%20JDD5G45CAPA.jpg,https://www.netcarmultimarcas.com.br/imagens/veiculos_automacar/big/22062026FASTBACK%20JDD5G45CAPA.jpg,https://www.netcarmultimarcas.com.br/imagens/veiculos_automacar/big/22062026FASTBACK%20JDD5G456.jpg,https://www.netcarmultimarcas.com.br/imagens/veiculos_automacar/big/22062026FASTBACK%20JDD5G457.jpg,https://www.netcarmultimarcas.com.br/imagens/veiculos_automacar/big/22062026FASTBACK%20JDD5G459.jpg,https://www.netcarmultimarcas.com.br/imagens/veiculos_automacar/big/22062026FASTBACK%20JDD5G4510.jpg,https://www.netcarmultimarcas.com.br/imagens/veiculos_automacar/big/22062026FASTBACK%20JDD5G458.jpg,https://www.netcarmultimarcas.com.br/imagens/veiculos_automacar/big/22062026FASTBACK%20JDD5G4511.jpg,https://www.netcarmultimarcas.com.br/imagens/veiculos_automacar/big/22062026FASTBACK%20JDD5G451.jpg"
19379,JEEP COMPASS LONGITUDE T270 TURBO 2022,73.000 km · Motor 1.3 · AUTOMATICO · Flex · Cor CINZA. Seminovo vistoriado na Netcar Multimarcas (Esteio/RS). Financiamento e avaliação na troca.,in stock,used,125900.00 BRL,https://www.netcarmultimarcas.com.br/veiculo/compass-longitude-t270-turbo-2022-jbe-xx66-19379,https://www.netcarmultimarcas.com.br/imagens/veiculos_automacar/20012026COMPASS%20LONGITUDE%20JBE3J66CAPA.png,JEEP,"https://www.netcarmultimarcas.com.br/imagens/veiculos_automacar/small/20012026COMPASS%20LONGITUDE%20JBE3J66CAPA.jpg,https://www.netcarmultimarcas.com.br/imagens/veiculos_automacar/big/20012026COMPASS%20LONGITUDE%20JBE3J66CAPA.jpg,https://www.netcarmultimarcas.com.br/imagens/veiculos_automacar/big/20012026COMPASS%20LONGITUDE%20JBE3J6613.jpg,https://www.netcarmultimarcas.com.br/imagens/veiculos_automacar/big/20012026COMPASS%20LONGITUDE%20JBE3J663.jpg,https://www.netcarmultimarcas.com.br/imagens/veiculos_automacar/big/20012026COMPASS%20LONGITUDE%20JBE3J664.jpg,https://www.netcarmultimarcas.com.br/imagens/veiculos_automacar/big/20012026COMPASS%20LONGITUDE%20JBE3J666.jpg,https://www.netcarmultimarcas.com.br/imagens/veiculos_automacar/big/20012026COMPASS%20LONGITUDE%20JBE3J665.jpg,https://www.netcarmultimarcas.com.br/imagens/veiculos_automacar/big/20012026COMPASS%20LONGITUDE%20JBE3J662.jpg,https://www.netcarmultimarcas.com.br/imagens/veiculos_automacar/big/20012026COMPASS%20LONGITUDE%20JBE3J6610.jpg"
19587,VOLKSWAGEN TERA HIGH TURBO 2026,6.700 km · Motor 1.0 · AUTOMATICO · Flex · Cor PRATA. Seminovo vistoriado na Netcar Multimarcas (Esteio/RS). Financiamento e avaliação na troca.,in stock,used,137900.00 BRL,https://www.netcarmultimarcas.com.br/veiculo/tera-high-turbo-2026-tqq-xx21-19587,https://www.netcarmultimarcas.com.br/imagens/veiculos_automacar/20012026tera%20TQQ7G21CAPA.png,VOLKSWAGEN,"https://www.netcarmultimarcas.com.br/imagens/veiculos_automacar/small/20012026tera%20TQQ7G21CAPA.jpg,https://www.netcarmultimarcas.com.br/imagens/veiculos_automacar/big/20012026tera%20TQQ7G21CAPA.jpg,https://www.netcarmultimarcas.com.br/imagens/veiculos_automacar/big/20012026tera%20TQQ7G214.jpg,https://www.netcarmultimarcas.com.br/imagens/veiculos_automacar/big/20012026tera%20TQQ7G215.jpg,https://www.netcarmultimarcas.com.br/imagens/veiculos_automacar/big/20012026tera%20TQQ7G216.jpg,https://www.netcarmultimarcas.com.br/imagens/veiculos_automacar/big/20012026tera%20TQQ7G218.jpg,https://www.netcarmultimarcas.com.br/imagens/veiculos_automacar/big/20012026tera%20TQQ7G217.jpg,https://www.netcarmultimarcas.com.br/imagens/veiculos_automacar/big/20012026tera%20TQQ7G219.jpg,https://www.netcarmultimarcas.com.br/imagens/veiculos_automacar/big/20012026tera%20TQQ7G2110.jpg"
19903,VOLKSWAGEN T CROSS HIGHLINE TURBO 2024,44.035 km · Motor 1.4 · AUTOMATICO · Flex · Cor PRATA. Seminovo vistoriado na Netcar Multimarcas (Esteio/RS). Financiamento e avaliação na troca.,in stock,used,138900.00 BRL,https://www.netcarmultimarcas.com.br/veiculo/t-cross-highline-turbo-2024-jcj-xx23-19903,https://www.netcarmultimarcas.com.br/imagens/veiculos_automacar/10072026T%20CROSS%20HIGHLINE%20JCJ6A23CAPA.png,VOLKSWAGEN,"https://www.netcarmultimarcas.com.br/imagens/veiculos_automacar/small/10072026T%20CROSS%20HIGHLINE%20JCJ6A23CAPA.jpg,https://www.netcarmultimarcas.com.br/imagens/veiculos_automacar/big/10072026T%20CROSS%20HIGHLINE%20JCJ6A23CAPA.jpg,https://www.netcarmultimarcas.com.br/imagens/veiculos_automacar/big/10072026T%20CROSS%20HIGHLINE%20JCJ6A237.jpg,https://www.netcarmultimarcas.com.br/imagens/veiculos_automacar/big/10072026T%20CROSS%20HIGHLINE%20JCJ6A238.jpg,https://www.netcarmultimarcas.com.br/imagens/veiculos_automacar/big/10072026T%20CROSS%20HIGHLINE%20JCJ6A239.jpg,https://www.netcarmultimarcas.com.br/imagens/veiculos_automacar/big/10072026T%20CROSS%20HIGHLINE%20JCJ6A2311.jpg,https://www.netcarmultimarcas.com.br/imagens/veiculos_automacar/big/10072026T%20CROSS%20HIGHLINE%20JCJ6A2310.jpg,https://www.netcarmultimarcas.com.br/imagens/veiculos_automacar/big/10072026T%20CROSS%20HIGHLINE%20JCJ6A2312.jpg,https://www.netcarmultimarcas.com.br/imagens/veiculos_automacar/big/10072026T%20CROSS%20HIGHLINE%20JCJ6A231.jpg"
19836,CHERY TIGGO 7 PRO TURBO 2023,61.600 km · Motor 1.6 · AUTOMATICO · GASOLINA · Cor BRANCA. Seminovo vistoriado na Netcar Multimarcas (Esteio/RS). Financiamento e avaliação na troca.,in stock,used,139900.00 BRL,https://www.netcarmultimarcas.com.br/veiculo/tiggo-7-pro-turbo-2023-jbj-xx97-19836,https://www.netcarmultimarcas.com.br/imagens/veiculos_automacar/02072026TIGGO%207%20PRO%20JBJ8A97CAPA.png,CHERY,"https://www.netcarmultimarcas.com.br/imagens/veiculos_automacar/small/02072026TIGGO%207%20PRO%20JBJ8A97CAPA.jpg,https://www.netcarmultimarcas.com.br/imagens/veiculos_automacar/big/02072026TIGGO%207%20PRO%20JBJ8A97CAPA.jpg,https://www.netcarmultimarcas.com.br/imagens/veiculos_automacar/big/02072026TIGGO%207%20PRO%20JBJ8A975.jpg,https://www.netcarmultimarcas.com.br/imagens/veiculos_automacar/big/02072026TIGGO%207%20PRO%20JBJ8A976.jpg,https://www.netcarmultimarcas.com.br/imagens/veiculos_automacar/big/02072026TIGGO%207%20PRO%20JBJ8A978.jpg,https://www.netcarmultimarcas.com.br/imagens/veiculos_automacar/big/02072026TIGGO%207%20PRO%20JBJ8A979.jpg,https://www.netcarmultimarcas.com.br/imagens/veiculos_automacar/big/02072026TIGGO%207%20PRO%20JBJ8A977.jpg,https://www.netcarmultimarcas.com.br/imagens/veiculos_automacar/big/02072026TIGGO%207%20PRO%20JBJ8A9710.jpg,https://www.netcarmultimarcas.com.br/imagens/veiculos_automacar/big/02072026TIGGO%207%20PRO%20JBJ8A973.jpg"
19000,VOLKSWAGEN TAOS HIGHLINE TURBO 2023,41.000 km · Motor 1.4 · AUTOMATICO · Flex · Cor PRETA. Seminovo vistoriado na Netcar Multimarcas (Esteio/RS). Financiamento e avaliação na troca.,in stock,used,145900.00 BRL,https://www.netcarmultimarcas.com.br/veiculo/taos-highline-turbo-2023-jcb-xx26-19000,https://www.netcarmultimarcas.com.br/imagens/veiculos_automacar/20012026TAOS%20HIGHLINE%20JCB7H26CAPA.png,VOLKSWAGEN,"https://www.netcarmultimarcas.com.br/imagens/veiculos_automacar/small/20012026TAOS%20HIGHLINE%20JCB7H26CAPA.jpg,https://www.netcarmultimarcas.com.br/imagens/veiculos_automacar/big/20012026TAOS%20HIGHLINE%20JCB7H26CAPA.jpg,https://www.netcarmultimarcas.com.br/imagens/veiculos_automacar/big/20012026TAOS%20HIGHLINE%20JCB7H2611.jpg,https://www.netcarmultimarcas.com.br/imagens/veiculos_automacar/big/20012026TAOS%20HIGHLINE%20JCB7H2612.jpg,https://www.netcarmultimarcas.com.br/imagens/veiculos_automacar/big/20012026TAOS%20HIGHLINE%20JCB7H2613.jpg,https://www.netcarmultimarcas.com.br/imagens/veiculos_automacar/big/20012026TAOS%20HIGHLINE%20JCB7H263.jpg,https://www.netcarmultimarcas.com.br/imagens/veiculos_automacar/big/20012026TAOS%20HIGHLINE%20JCB7H262.jpg,https://www.netcarmultimarcas.com.br/imagens/veiculos_automacar/big/20012026TAOS%20HIGHLINE%20JCB7H264.jpg,https://www.netcarmultimarcas.com.br/imagens/veiculos_automacar/big/20012026TAOS%20HIGHLINE%20JCB7H265.jpg"
19838,HYUNDAI CRETA LIMITED TURBO 2026,2.700 km · Motor 1.0 · AUTOMATICO · Flex · Cor CINZA. Seminovo vistoriado na Netcar Multimarcas (Esteio/RS). Financiamento e avaliação na troca.,in stock,used,148900.00 BRL,https://www.netcarmultimarcas.com.br/veiculo/creta-limited-turbo-2026-tqw-xx90-19838,https://www.netcarmultimarcas.com.br/imagens/veiculos_automacar/04062026CRETA%20LIMITED%20TQW0J90CAPA.png,HYUNDAI,"https://www.netcarmultimarcas.com.br/imagens/veiculos_automacar/small/04062026CRETA%20LIMITED%20TQW0J90CAPA.jpg,https://www.netcarmultimarcas.com.br/imagens/veiculos_automacar/big/04062026CRETA%20LIMITED%20TQW0J90CAPA.jpg,https://www.netcarmultimarcas.com.br/imagens/veiculos_automacar/big/04062026CRETA%20LIMITED%20TQW0J906.jpg,https://www.netcarmultimarcas.com.br/imagens/veiculos_automacar/big/04062026CRETA%20LIMITED%20TQW0J907.jpg,https://www.netcarmultimarcas.com.br/imagens/veiculos_automacar/big/04062026CRETA%20LIMITED%20TQW0J908.jpg,https://www.netcarmultimarcas.com.br/imagens/veiculos_automacar/big/04062026CRETA%20LIMITED%20TQW0J9010.jpg,https://www.netcarmultimarcas.com.br/imagens/veiculos_automacar/big/04062026CRETA%20LIMITED%20TQW0J909.jpg,https://www.netcarmultimarcas.com.br/imagens/veiculos_automacar/big/04062026CRETA%20LIMITED%20TQW0J9011.jpg,https://www.netcarmultimarcas.com.br/imagens/veiculos_automacar/big/04062026CRETA%20LIMITED%20TQW0J901.jpg"
19724,JEEP COMPASS LIMITED T270 TURBO 2023,54.000 km · Motor 1.3 · AUTOMATICO · Flex · Cor CINZA. Seminovo vistoriado na Netcar Multimarcas (Esteio/RS). Financiamento e avaliação na troca.,in stock,used,149900.00 BRL,https://www.netcarmultimarcas.com.br/veiculo/compass-limited-t270-turbo-2023-jbv-xx36-19724,https://www.netcarmultimarcas.com.br/imagens/veiculos_automacar/17032026COMPASS%20LIMITED%20JBV0G36CAPA.png,JEEP,"https://www.netcarmultimarcas.com.br/imagens/veiculos_automacar/small/17032026COMPASS%20LIMITED%20JBV0G36CAPA.jpg,https://www.netcarmultimarcas.com.br/imagens/veiculos_automacar/big/17032026COMPASS%20LIMITED%20JBV0G36CAPA.jpg,https://www.netcarmultimarcas.com.br/imagens/veiculos_automacar/big/17032026COMPASS%20LIMITED%20JBV0G3610.jpg,https://www.netcarmultimarcas.com.br/imagens/veiculos_automacar/big/17032026COMPASS%20LIMITED%20JBV0G3611.jpg,https://www.netcarmultimarcas.com.br/imagens/veiculos_automacar/big/17032026COMPASS%20LIMITED%20JBV0G3612.jpg,https://www.netcarmultimarcas.com.br/imagens/veiculos_automacar/big/17032026COMPASS%20LIMITED%20JBV0G363.jpg,https://www.netcarmultimarcas.com.br/imagens/veiculos_automacar/big/17032026COMPASS%20LIMITED%20JBV0G362.jpg,https://www.netcarmultimarcas.com.br/imagens/veiculos_automacar/big/17032026COMPASS%20LIMITED%20JBV0G364.jpg,https://www.netcarmultimarcas.com.br/imagens/veiculos_automacar/big/17032026COMPASS%20LIMITED%20JBV0G365.jpg"
19857,NISSAN KICKS SENSE TURBO 2026,7.800 km · Motor 1.0 · AUTOMATICO · Flex · Cor BRANCA. Seminovo vistoriado na Netcar Multimarcas (Esteio/RS). Financiamento e avaliação na troca.,in stock,used,149900.00 BRL,https://www.netcarmultimarcas.com.br/veiculo/kicks-sense-turbo-2026-tqu-xx34-19857,https://www.netcarmultimarcas.com.br/imagens/veiculos_automacar/18062026KICKS%20SENSE%20TQU9E34CAPA.png,NISSAN,"https://www.netcarmultimarcas.com.br/imagens/veiculos_automacar/small/18062026KICKS%20SENSE%20TQU9E34CAPA.jpg,https://www.netcarmultimarcas.com.br/imagens/veiculos_automacar/big/18062026KICKS%20SENSE%20TQU9E34CAPA.jpg,https://www.netcarmultimarcas.com.br/imagens/veiculos_automacar/big/18062026KICKS%20SENSE%20TQU9E346.jpg,https://www.netcarmultimarcas.com.br/imagens/veiculos_automacar/big/18062026KICKS%20SENSE%20TQU9E347.jpg,https://www.netcarmultimarcas.com.br/imagens/veiculos_automacar/big/18062026KICKS%20SENSE%20TQU9E349.jpg,https://www.netcarmultimarcas.com.br/imagens/veiculos_automacar/big/18062026KICKS%20SENSE%20TQU9E3410.jpg,https://www.netcarmultimarcas.com.br/imagens/veiculos_automacar/big/18062026KICKS%20SENSE%20TQU9E348.jpg,https://www.netcarmultimarcas.com.br/imagens/veiculos_automacar/big/18062026KICKS%20SENSE%20TQU9E3411.jpg,https://www.netcarmultimarcas.com.br/imagens/veiculos_automacar/big/18062026KICKS%20SENSE%20TQU9E344.jpg"
19854,HONDA HRV ADVANCE TURBO 2024,59.000 km · Motor 1.5 · AUTOMATICO · Flex · Cor CINZA. Seminovo vistoriado na Netcar Multimarcas (Esteio/RS). Financiamento e avaliação na troca.,in stock,used,156900.00 BRL,https://www.netcarmultimarcas.com.br/veiculo/hrv-advance-turbo-2024-jcn-xx74-19854,https://www.netcarmultimarcas.com.br/imagens/veiculos_automacar/15062026HRV%20JCN8I74CAPA.png,HONDA,"https://www.netcarmultimarcas.com.br/imagens/veiculos_automacar/small/15062026HRV%20JCN8I74CAPA.jpg,https://www.netcarmultimarcas.com.br/imagens/veiculos_automacar/big/15062026HRV%20JCN8I74CAPA.jpg,https://www.netcarmultimarcas.com.br/imagens/veiculos_automacar/big/15062026HRV%20JCN8I746.jpg,https://www.netcarmultimarcas.com.br/imagens/veiculos_automacar/big/15062026HRV%20JCN8I747.jpg,https://www.netcarmultimarcas.com.br/imagens/veiculos_automacar/big/15062026HRV%20JCN8I749.jpg,https://www.netcarmultimarcas.com.br/imagens/veiculos_automacar/big/15062026HRV%20JCN8I7410.jpg,https://www.netcarmultimarcas.com.br/imagens/veiculos_automacar/big/15062026HRV%20JCN8I748.jpg,https://www.netcarmultimarcas.com.br/imagens/veiculos_automacar/big/15062026HRV%20JCN8I7411.jpg,https://www.netcarmultimarcas.com.br/imagens/veiculos_automacar/big/15062026HRV%20JCN8I741.jpg"
19898,HONDA HRV TOURING TURBO 2024,58.975 km · Motor 1.5 · AUTOMATICO · Flex · Cor BRANCA. Seminovo vistoriado na Netcar Multimarcas (Esteio/RS). Financiamento e avaliação na troca.,in stock,used,161900.00 BRL,https://www.netcarmultimarcas.com.br/veiculo/hrv-touring-turbo-2024-jci-xx59-19898,https://www.netcarmultimarcas.com.br/imagens/banner/271_172032271_143360A38D92F5-9A8B-4A5F-AD68-C6CA164ED9F7-4.png,HONDA,
19910,CHERY TIGGO 8 MAX DRIVE TURBO 2025,37.890 km · Motor 1.6 · AUTOMATICO · GASOLINA · Cor AZUL. Seminovo vistoriado na Netcar Multimarcas (Esteio/RS). Financiamento e avaliação na troca.,in stock,used,166900.00 BRL,https://www.netcarmultimarcas.com.br/veiculo/tiggo-8-max-drive-turbo-2025-jcz-xx29-19910,https://www.netcarmultimarcas.com.br/imagens/banner/271_172032271_143360A38D92F5-9A8B-4A5F-AD68-C6CA164ED9F7-4.png,CHERY,
19779,FORD TERRITORY TITANIUM TURBO 2024,31.500 km · Motor 1.5 · AUTOMATICO · GASOLINA · Cor AZUL. Seminovo vistoriado na Netcar Multimarcas (Esteio/RS). Financiamento e avaliação na troca.,in stock,used,172900.00 BRL,https://www.netcarmultimarcas.com.br/veiculo/territory-titanium-turbo-2024-jcl-xx69-19779,https://www.netcarmultimarcas.com.br/imagens/veiculos_automacar/20042026TERRITORY%20JCL9E69CAPA.png,FORD,"https://www.netcarmultimarcas.com.br/imagens/veiculos_automacar/small/20042026TERRITORY%20JCL9E69CAPA.jpg,https://www.netcarmultimarcas.com.br/imagens/veiculos_automacar/big/20042026TERRITORY%20JCL9E69CAPA.jpg,https://www.netcarmultimarcas.com.br/imagens/veiculos_automacar/big/20042026TERRITORY%20JCL9E691.jpg,https://www.netcarmultimarcas.com.br/imagens/veiculos_automacar/big/20042026TERRITORY%20JCL9E697.jpg,https://www.netcarmultimarcas.com.br/imagens/veiculos_automacar/big/20042026TERRITORY%20JCL9E699.jpg,https://www.netcarmultimarcas.com.br/imagens/veiculos_automacar/big/20042026TERRITORY%20JCL9E6910.jpg,https://www.netcarmultimarcas.com.br/imagens/veiculos_automacar/big/20042026TERRITORY%20JCL9E698.jpg,https://www.netcarmultimarcas.com.br/imagens/veiculos_automacar/big/20042026TERRITORY%20JCL9E695.jpg,https://www.netcarmultimarcas.com.br/imagens/veiculos_automacar/big/20042026TERRITORY%20JCL9E6911.jpg"
19871,BYD SONG PLUS 2024,48.229 km · Motor 1.5 · AUTOMATICO · HIBRIDO · Cor CINZA. Seminovo vistoriado na Netcar Multimarcas (Esteio/RS). Financiamento e avaliação na troca.,in stock,used,175900.00 BRL,https://www.netcarmultimarcas.com.br/veiculo/song-plus-2024-jcr-xx86-19871,https://www.netcarmultimarcas.com.br/imagens/banner/271_172032271_143360A38D92F5-9A8B-4A5F-AD68-C6CA164ED9F7-4.png,BYD,
19866,JEEP COMPASS SERIE S T270 TURBO 2025,33.000 km · Motor 1.3 · AUTOMATICO · Flex · Cor BRANCA. Seminovo vistoriado na Netcar Multimarcas (Esteio/RS). Financiamento e avaliação na troca.,in stock,used,177900.00 BRL,https://www.netcarmultimarcas.com.br/veiculo/compass-serie-s-t270-turbo-2025-jcq-xx63-19866,https://www.netcarmultimarcas.com.br/imagens/veiculos_automacar/12062026compass%20series%20s%20JCQ7J63CAPA.png,JEEP,"https://www.netcarmultimarcas.com.br/imagens/veiculos_automacar/small/12062026compass%20series%20s%20JCQ7J63CAPA.jpg,https://www.netcarmultimarcas.com.br/imagens/veiculos_automacar/big/12062026compass%20series%20s%20JCQ7J63CAPA.jpg,https://www.netcarmultimarcas.com.br/imagens/veiculos_automacar/big/12062026compass%20series%20s%20JCQ7J631.jpg,https://www.netcarmultimarcas.com.br/imagens/veiculos_automacar/big/12062026compass%20series%20s%20JCQ7J632.jpg,https://www.netcarmultimarcas.com.br/imagens/veiculos_automacar/big/12062026compass%20series%20s%20JCQ7J634.jpg,https://www.netcarmultimarcas.com.br/imagens/veiculos_automacar/big/12062026compass%20series%20s%20JCQ7J635.jpg,https://www.netcarmultimarcas.com.br/imagens/veiculos_automacar/big/12062026compass%20series%20s%20JCQ7J633.jpg,https://www.netcarmultimarcas.com.br/imagens/veiculos_automacar/big/12062026compass%20series%20s%20JCQ7J636.jpg,https://www.netcarmultimarcas.com.br/imagens/veiculos_automacar/big/12062026compass%20series%20s%20JCQ7J639.jpg"
19693,VOLVO XC60 T8 INSCRIPT TURBO 2021,74.000 km · Motor 2.0 · AUTOMATICO · HIBRIDO · Cor CINZA. Seminovo vistoriado na Netcar Multimarcas (Esteio/RS). Financiamento e avaliação na troca.,in stock,used,209900.00 BRL,https://www.netcarmultimarcas.com.br/veiculo/xc60-t8-inscript-turbo-2021-jau-xx40-19693,https://www.netcarmultimarcas.com.br/imagens/veiculos_automacar/27022026XC60%20T8%20JAU4J40CAPA.png,VOLVO,"https://www.netcarmultimarcas.com.br/imagens/veiculos_automacar/small/27022026XC60%20T8%20JAU4J40CAPA.jpg,https://www.netcarmultimarcas.com.br/imagens/veiculos_automacar/big/27022026XC60%20T8%20JAU4J40CAPA.jpg,https://www.netcarmultimarcas.com.br/imagens/veiculos_automacar/big/27022026XC60%20T8%20JAU4J406.jpg,https://www.netcarmultimarcas.com.br/imagens/veiculos_automacar/big/27022026XC60%20T8%20JAU4J407.jpg,https://www.netcarmultimarcas.com.br/imagens/veiculos_automacar/big/27022026XC60%20T8%20JAU4J409.jpg,https://www.netcarmultimarcas.com.br/imagens/veiculos_automacar/big/27022026XC60%20T8%20JAU4J4010.jpg,https://www.netcarmultimarcas.com.br/imagens/veiculos_automacar/big/27022026XC60%20T8%20JAU4J408.jpg,https://www.netcarmultimarcas.com.br/imagens/veiculos_automacar/big/27022026XC60%20T8%20JAU4J4011.jpg,https://www.netcarmultimarcas.com.br/imagens/veiculos_automacar/big/27022026XC60%20T8%20JAU4J4012.jpg"
